-- MySQL dump 10.13  Distrib 8.0.34, for Linux (x86_64)
--
-- Host: localhost    Database: complainant
-- ------------------------------------------------------
-- Server version	8.0.34-0ubuntu0.22.04.1

/*!40101 SET @OLD_CHARACTER_SET_CLIENT=@@CHARACTER_SET_CLIENT */;
/*!40101 SET @OLD_CHARACTER_SET_RESULTS=@@CHARACTER_SET_RESULTS */;
/*!40101 SET @OLD_COLLATION_CONNECTION=@@COLLATION_CONNECTION */;
/*!50503 SET NAMES utf8mb4 */;
/*!40103 SET @OLD_TIME_ZONE=@@TIME_ZONE */;
/*!40103 SET TIME_ZONE='+00:00' */;
/*!40014 SET @OLD_UNIQUE_CHECKS=@@UNIQUE_CHECKS, UNIQUE_CHECKS=0 */;
/*!40014 SET @OLD_FOREIGN_KEY_CHECKS=@@FOREIGN_KEY_CHECKS, FOREIGN_KEY_CHECKS=0 */;
/*!40101 SET @OLD_SQL_MODE=@@SQL_MODE, SQL_MODE='NO_AUTO_VALUE_ON_ZERO' */;
/*!40111 SET @OLD_SQL_NOTES=@@SQL_NOTES, SQL_NOTES=0 */;

--
-- Table structure for table `applicant_file`
--

/*!40101 SET @saved_cs_client     = @@character_set_client */;
/*!50503 SET character_set_client = utf8mb4 */;
CREATE TABLE `applicant_file` (
  `id` int NOT NULL AUTO_INCREMENT,
  `code` varchar(50) CHARACTER SET utf8mb3 COLLATE utf8mb3_general_ci DEFAULT NULL,
  `name` varchar(255) CHARACTER SET utf8mb3 COLLATE utf8mb3_general_ci DEFAULT NULL,
  `course_id` int DEFAULT NULL,
  `type_file` json DEFAULT NULL,
  `status` smallint DEFAULT NULL,
  `created_at` datetime DEFAULT CURRENT_TIMESTAMP,
  `updated_at` datetime DEFAULT NULL ON UPDATE CURRENT_TIMESTAMP,
  `deleted_at` datetime DEFAULT NULL,
  `group` varchar(50) CHARACTER SET utf8mb3 COLLATE utf8mb3_general_ci DEFAULT NULL,
  `nationality` smallint DEFAULT NULL COMMENT '1-kewarganegaraan 2-int',
  `size` int DEFAULT NULL COMMENT 'in Kilobytes',
  `note` text CHARACTER SET utf8mb3 COLLATE utf8mb3_general_ci,
  `course_level_id` json DEFAULT NULL,
  `flag` varchar(100) CHARACTER SET utf8mb3 COLLATE utf8mb3_general_ci DEFAULT NULL,
  `general_lookup_id` int DEFAULT NULL,
  `note_bi` text CHARACTER SET utf8mb4 COLLATE utf8mb4_0900_ai_ci,
  `name_bi` text CHARACTER SET utf8mb4 COLLATE utf8mb4_0900_ai_ci,
  PRIMARY KEY (`id`),
  UNIQUE KEY `applicant_file_UN` (`code`)
) ENGINE=InnoDB DEFAULT CHARSET=utf8mb4 COLLATE=utf8mb4_0900_ai_ci COMMENT='2022';
/*!40101 SET character_set_client = @saved_cs_client */;

--
-- Dumping data for table `applicant_file`
--

LOCK TABLES `applicant_file` WRITE;
/*!40000 ALTER TABLE `applicant_file` DISABLE KEYS */;
/*!40000 ALTER TABLE `applicant_file` ENABLE KEYS */;
UNLOCK TABLES;

--
-- Table structure for table `asset_file`
--

/*!40101 SET @saved_cs_client     = @@character_set_client */;
/*!50503 SET character_set_client = utf8mb4 */;
CREATE TABLE `asset_file` (
  `id` bigint unsigned NOT NULL AUTO_INCREMENT,
  `name` varchar(255) CHARACTER SET utf8mb4 COLLATE utf8mb4_general_ci DEFAULT NULL,
  `location` varchar(255) CHARACTER SET utf8mb4 COLLATE utf8mb4_general_ci DEFAULT NULL,
  `ext` varchar(255) CHARACTER SET utf8mb4 COLLATE utf8mb4_general_ci DEFAULT NULL,
  `category` varchar(255) CHARACTER SET utf8mb4 COLLATE utf8mb4_general_ci DEFAULT NULL,
  `reference_id` bigint DEFAULT NULL,
  `reference_type` varchar(255) CHARACTER SET utf8mb4 COLLATE utf8mb4_general_ci DEFAULT NULL,
  `created_at` datetime DEFAULT CURRENT_TIMESTAMP,
  `updated_at` datetime DEFAULT NULL ON UPDATE CURRENT_TIMESTAMP,
  `deleted_at` datetime DEFAULT NULL,
  PRIMARY KEY (`id`)
) ENGINE=InnoDB DEFAULT CHARSET=utf8mb4 COLLATE=utf8mb4_general_ci;
/*!40101 SET character_set_client = @saved_cs_client */;

--
-- Dumping data for table `asset_file`
--

LOCK TABLES `asset_file` WRITE;
/*!40000 ALTER TABLE `asset_file` DISABLE KEYS */;
/*!40000 ALTER TABLE `asset_file` ENABLE KEYS */;
UNLOCK TABLES;

--
-- Table structure for table `asset_lookup`
--

/*!40101 SET @saved_cs_client     = @@character_set_client */;
/*!50503 SET character_set_client = utf8mb4 */;
CREATE TABLE `asset_lookup` (
  `id` bigint unsigned NOT NULL AUTO_INCREMENT,
  `code` varchar(20) CHARACTER SET utf8mb4 COLLATE utf8mb4_general_ci DEFAULT NULL,
  `name` varchar(255) CHARACTER SET utf8mb4 COLLATE utf8mb4_general_ci DEFAULT NULL,
  `category` varchar(255) CHARACTER SET utf8mb4 COLLATE utf8mb4_general_ci DEFAULT NULL,
  `grouping` varchar(255) CHARACTER SET utf8mb4 COLLATE utf8mb4_general_ci DEFAULT NULL,
  `description` varchar(255) CHARACTER SET utf8mb4 COLLATE utf8mb4_general_ci DEFAULT NULL,
  `title` varchar(255) CHARACTER SET utf8mb4 COLLATE utf8mb4_general_ci DEFAULT NULL,
  `id_parent` bigint unsigned DEFAULT NULL,
  `id_parent_j` json DEFAULT NULL,
  `name_bi` varchar(255) CHARACTER SET utf8mb4 COLLATE utf8mb4_general_ci DEFAULT NULL,
  `level` int DEFAULT '1',
  `etc` json DEFAULT NULL,
  `created_at` datetime DEFAULT CURRENT_TIMESTAMP,
  `updated_at` datetime DEFAULT NULL ON UPDATE CURRENT_TIMESTAMP,
  `deleted_at` datetime DEFAULT NULL,
  PRIMARY KEY (`id`),
  UNIQUE KEY `code` (`code`)
) ENGINE=InnoDB AUTO_INCREMENT=6 DEFAULT CHARSET=utf8mb4 COLLATE=utf8mb4_general_ci;
/*!40101 SET character_set_client = @saved_cs_client */;

--
-- Dumping data for table `asset_lookup`
--

LOCK TABLES `asset_lookup` WRITE;
/*!40000 ALTER TABLE `asset_lookup` DISABLE KEYS */;
INSERT INTO `asset_lookup` VALUES (1,'CIT001','WARGANEGARA','type_citizen',NULL,NULL,NULL,NULL,NULL,'CITIZENS',1,NULL,'2023-10-09 01:18:33','2023-10-09 01:20:15',NULL),(2,'CIT002','BUKAN WARGANEGARA','type_citizen',NULL,NULL,NULL,NULL,NULL,'NON CITIZENS',1,NULL,'2023-10-09 01:20:15',NULL,NULL),(3,'STS001','DALAM SEMAKAN','complaint_status',NULL,NULL,NULL,NULL,NULL,'UNDER REVIEW',1,NULL,'2023-10-09 01:20:15','2023-10-09 01:45:59',NULL),(4,'STS002','SELESAI','complaint_status',NULL,NULL,NULL,NULL,NULL,'DONE',1,NULL,'2023-10-09 01:20:15','2023-10-09 01:45:59',NULL),(5,'STS003','DALAM PERMOHONAN','complaint_status',NULL,NULL,NULL,NULL,NULL,'IN THE APPLICATION',1,NULL,'2023-10-09 01:20:15','2023-10-10 23:16:28',NULL);
/*!40000 ALTER TABLE `asset_lookup` ENABLE KEYS */;
UNLOCK TABLES;

--
-- Table structure for table `complainant_details`
--

/*!40101 SET @saved_cs_client     = @@character_set_client */;
/*!50503 SET character_set_client = utf8mb4 */;
CREATE TABLE `complainant_details` (
  `id` int NOT NULL AUTO_INCREMENT,
  `complainant_title` varchar(10) CHARACTER SET utf8mb4 COLLATE utf8mb4_0900_ai_ci NOT NULL,
  `complainant_name` varchar(255) CHARACTER SET utf8mb4 COLLATE utf8mb4_0900_ai_ci NOT NULL,
  `complainant_nationality` varchar(10) CHARACTER SET utf8mb4 COLLATE utf8mb4_0900_ai_ci NOT NULL,
  `complainant_identity` varchar(50) CHARACTER SET utf8mb4 COLLATE utf8mb4_0900_ai_ci NOT NULL,
  `complainant_address_1` varchar(255) DEFAULT NULL,
  `complainant_address_2` varchar(255) CHARACTER SET utf8mb4 COLLATE utf8mb4_0900_ai_ci DEFAULT NULL,
  `complainant_address_3` varchar(255) CHARACTER SET utf8mb4 COLLATE utf8mb4_0900_ai_ci DEFAULT NULL,
  `state_id` int DEFAULT NULL,
  `town_id` int DEFAULT NULL,
  `complainant_phone` varchar(20) CHARACTER SET utf8mb4 COLLATE utf8mb4_0900_ai_ci DEFAULT NULL,
  `complainant_email` varchar(50) CHARACTER SET utf8mb4 COLLATE utf8mb4_0900_ai_ci DEFAULT NULL,
  `complainant_no` varchar(20) CHARACTER SET utf8mb4 COLLATE utf8mb4_0900_ai_ci DEFAULT NULL,
  `complainant_complaint` text CHARACTER SET utf8mb4 COLLATE utf8mb4_0900_ai_ci NOT NULL,
  `complainant_status` varchar(10) CHARACTER SET utf8mb4 COLLATE utf8mb4_0900_ai_ci NOT NULL,
  `department_id` int DEFAULT NULL,
  `created_at` datetime DEFAULT CURRENT_TIMESTAMP,
  `updated_at` datetime DEFAULT NULL ON UPDATE CURRENT_TIMESTAMP,
  `deleted_at` datetime DEFAULT NULL,
  PRIMARY KEY (`id`),
  KEY `complainant_details_FK` (`state_id`),
  KEY `complainant_details_FK_1` (`department_id`),
  KEY `complainant_details_FK_2` (`town_id`),
  CONSTRAINT `complainant_details_FK` FOREIGN KEY (`state_id`) REFERENCES `states` (`id`),
  CONSTRAINT `complainant_details_FK_1` FOREIGN KEY (`department_id`) REFERENCES `department` (`id`),
  CONSTRAINT `complainant_details_FK_2` FOREIGN KEY (`town_id`) REFERENCES `towns` (`id`)
) ENGINE=InnoDB AUTO_INCREMENT=385 DEFAULT CHARSET=utf8mb4 COLLATE=utf8mb4_0900_ai_ci;
/*!40101 SET character_set_client = @saved_cs_client */;

--
-- Dumping data for table `complainant_details`
--

LOCK TABLES `complainant_details` WRITE;
/*!40000 ALTER TABLE `complainant_details` DISABLE KEYS */;
INSERT INTO `complainant_details` VALUES (1,'Mr.','Elfrieda Rutherford','CIT002','66765073','452 Myrl Lane\nHaleyport, WY 32593-9571','Suite 936','Apt. 167',11,30,'+1-952-551-8452','goyette.estell@example.org','ADN202200000001','Nostrum ducimus dolore mollitia veniam qui unde. Doloribus quis omnis in qui labore omnis sunt veritatis. Aut quos et ut. Voluptatibus officia et reiciendis dolor dolorem totam enim.','STS001',1,'2023-10-08 17:52:22','2023-10-08 17:52:22',NULL),(2,'Mrs.','Alvina Adams','CIT002','5060277','2243 Gulgowski Gateway Suite 445\nNorth Carlie, WA 88580','Suite 236','Apt. 166',11,30,'+1-854-399-2115','lewis34@example.net','ADN202200000002','Dolorum nobis possimus aliquam ad. Nobis earum voluptatibus minima voluptas voluptatem eos. Laudantium cum molestiae est voluptatem odio in et iure. Beatae quisquam officiis recusandae harum.','STS001',3,'2023-10-08 17:52:22','2023-10-08 17:52:22',NULL),(3,'Mr.','Charles Farrell','CIT001','19580383','570 Napoleon Pike\nNew Petra, TN 16977','Suite 773','Suite 298',3,7,'980.812.1230','caleb49@example.com','ADN202200000003','A quas eos et corrupti hic. Quod animi soluta quibusdam. Rerum quia inventore ut cumque. Ea dolores provident voluptas maxime ad.','STS002',3,'2023-10-08 17:52:22','2023-10-08 17:52:22',NULL),(4,'Mrs.','Alysa Homenick','CIT002','58264091','59633 Legros Island\nDagmarview, MS 19830','Apt. 090','Apt. 472',7,19,'(781) 857-6204','addison30@example.org','ADN202200000004','Ipsa sunt cupiditate voluptate ducimus. Alias nobis esse qui et doloremque et eaque. Praesentium suscipit magnam rerum sed est officiis.','STS001',1,'2023-10-08 17:52:22','2023-10-08 17:52:22',NULL),(5,'Prof.','Timmy Botsford','CIT001','10277701','46451 Roman Trail Apt. 923\nNorth Angelo, WV 38835-2202','Suite 620','Suite 697',13,36,'424.937.8060','yoreilly@example.org','ADN202200000005','Dolorum ut repudiandae beatae cum. Inventore dolores sed aut et nemo fugiat ratione. Tenetur et maiores quia ut voluptate nam maxime. Tempore quia alias alias eligendi ratione aliquid.','STS001',3,'2023-10-08 17:52:22','2023-10-08 17:52:22',NULL),(6,'Mrs.','Milton Schneider','CIT001','65534953','1490 Wisoky Lodge Suite 554\nPort Alison, SD 19993','Apt. 374','Apt. 895',13,36,'(973) 566-7659','natasha55@example.org','ADN202200000006','Et qui ab doloremque omnis. Molestiae quas voluptate qui ducimus. Architecto iure ut omnis quia nesciunt quia quia.','STS002',3,'2023-10-08 17:52:22','2023-10-08 17:52:22',NULL),(7,'Mr.','Janis Kuvalis','CIT001','29011968','19993 Precious Islands\nStromanborough, KY 73296','Apt. 521','Apt. 861',2,4,'1-279-201-7950','brown.tromp@example.org','ADN202200000007','Accusantium et omnis ab dicta ad sint. Molestiae debitis corrupti similique error quia a ut. Non aperiam non odio neque nisi dolores. Ullam dolor et aliquid libero perferendis.','STS001',4,'2023-10-08 17:52:22','2023-10-08 17:52:22',NULL),(8,'Prof.','Prof. Julia O\'Keefe DDS','CIT002','85060817','78992 Huels Inlet Suite 032\nMarjorieton, CT 31228-5563','Apt. 721','Suite 434',4,10,'(628) 495-4564','marcel.white@example.net','ADN202200000008','Doloremque sequi incidunt est. Sint sapiente aliquid cumque. Facere magnam dolor beatae dolorem sed nihil.','STS002',2,'2023-10-08 17:52:22','2023-10-08 17:52:22',NULL),(9,'Prof.','Kim Leuschke','CIT001','88207444','5168 Antonina Ramp\nLake Mistyfort, GA 35974-3349','Apt. 895','Suite 599',9,25,'+19144217676','amparo09@example.org','ADN202200000009','Praesentium harum pariatur voluptatibus eum. Voluptas velit sint voluptates unde. Officiis sapiente placeat ducimus placeat dignissimos cupiditate ut.','STS002',2,'2023-10-08 17:52:22','2023-10-08 17:52:22',NULL),(10,'Dr.','Darlene Walker','CIT001','62896641','6704 Leopold Pike Suite 331\nNew Napoleon, ID 96127-0922','Apt. 643','Suite 734',8,22,'(510) 421-9793','kendall78@example.net','ADN202200000010','Aliquid quaerat quo tempore cupiditate sit. Nulla et quia maxime dolorum. Et ut enim doloremque minima necessitatibus. Neque aliquid soluta voluptatem accusantium rerum commodi non libero.','STS002',3,'2023-10-08 17:52:22','2023-10-08 17:52:22',NULL),(11,'Dr.','Bria Hansen','CIT002','10738780','486 Waelchi Inlet Apt. 559\nLowehaven, MN 94210-9125','Suite 087','Apt. 603',4,10,'+1-520-375-8055','alan53@example.org','ADN202200000011','Sed iure dignissimos modi laboriosam exercitationem dolores eum a. Dolorem minus commodi dolor molestias. Ea aliquam voluptatem fugit omnis optio qui perferendis. Quia quasi libero et est et.','STS001',3,'2023-10-08 17:52:22','2023-10-08 17:52:22',NULL),(12,'Mrs.','Nicklaus Shanahan','CIT002','25631620','69135 Macejkovic Branch\nEast Steveton, OR 61057','Suite 157','Suite 466',13,36,'+1 (828) 928-4779','bcormier@example.net','ADN202200000012','Quo cupiditate dolor odio et fugit eos repellendus. Ullam quaerat aut rerum quia debitis sit. Aut consequatur sed occaecati quidem qui tempora.','STS001',3,'2023-10-08 17:52:22','2023-10-08 17:52:22',NULL),(13,'Mr.','Matilde Hackett','CIT002','21825001','96387 Volkman Hollow Suite 912\nSouth Cathrynhaven, OK 66635','Suite 093','Suite 198',4,10,'+12725196720','rcronin@example.com','ADN202200000013','Reiciendis omnis deserunt impedit qui. Aut deserunt mollitia et fugit ut in aliquam. Perspiciatis ut est rerum.','STS001',2,'2023-10-08 17:52:22','2023-10-08 17:52:22',NULL),(14,'Dr.','Doyle Cruickshank','CIT001','87676800','1150 McGlynn Fields Suite 491\nNew Adityafurt, NM 23724-0542','Apt. 897','Apt. 069',3,7,'651-917-6047','oankunding@example.org','ADN202200000014','Hic sint ut vero suscipit. Qui voluptatem minus consectetur quas. Modi quos corrupti vel doloribus consequuntur.','STS001',1,'2023-10-08 17:52:22','2023-10-08 17:52:22',NULL),(15,'Mrs.','Amely Cole V','CIT001','83599215','174 Emmerich Extension\nArmstrongfort, HI 37032','Suite 867','Suite 543',5,13,'(901) 454-8234','roberts.richie@example.com','ADN202200000015','Laudantium incidunt non dolorem et explicabo commodi similique quam. Labore quod facilis rerum error odio. Est esse fugit iure facere.','STS001',1,'2023-10-08 17:52:22','2023-10-08 17:52:22',NULL),(16,'Mr.','Leta Runte','CIT002','74466151','44223 Aurelia Mountain\nEast Carmela, NY 24725-5393','Suite 637','Suite 238',4,10,'+1-309-265-2678','gabriella.mclaughlin@example.org','ADN202200000016','Officiis velit vel sit illum aut aut. Maiores sequi nihil pariatur ab. Ullam velit fugiat dolor accusamus impedit esse.','STS001',5,'2023-10-08 17:52:22','2023-10-08 17:52:22',NULL),(17,'Dr.','Dr. Marlin Satterfield IV','CIT002','68759023','83648 Damian Squares\nZiemestad, KY 56470-2367','Apt. 566','Suite 789',10,27,'218.347.8864','dino.white@example.org','ADN202200000017','Laudantium numquam distinctio voluptas ab ipsum facilis dignissimos. Laborum vel quibusdam quia consequatur. Velit non a cupiditate quae autem commodi. Ut deserunt ipsa est eum enim.','STS001',1,'2023-10-08 17:52:22','2023-10-08 17:52:22',NULL),(18,'Mr.','Prof. Johnathan McClure PhD','CIT001','33100821','409 Karlie Way Suite 879\nNehaville, IL 24059-4130','Apt. 042','Suite 113',6,16,'(341) 304-0860','mayer.agustin@example.com','ADN202200000018','Minus non earum quia tempore similique. Quas modi error dolores qui rerum molestiae architecto.','STS002',4,'2023-10-08 17:52:22','2023-10-08 17:52:22',NULL),(19,'Dr.','Linnie Runolfsdottir','CIT001','39502956','85064 Lind Centers Suite 678\nEast Maud, IA 13557','Apt. 287','Suite 991',4,10,'315.507.8222','karl.adams@example.net','ADN202200000019','Fugit praesentium autem illum quo. Eveniet porro neque et quibusdam laudantium numquam minima. Corporis est itaque aut nihil autem. Ut recusandae sapiente et aut ut cum.','STS002',3,'2023-10-08 17:52:22','2023-10-08 17:52:22',NULL),(20,'Prof.','Mrs. Letha McKenzie MD','CIT001','11003747','2951 Zelda Tunnel Suite 635\nNew Madisenport, ID 35802-2165','Apt. 054','Suite 386',2,4,'323.632.1168','damian.spinka@example.org','ADN202200000020','Non enim et eos id quidem consequatur sit. Consequatur consequatur illum eius eveniet. Et tempora quaerat earum temporibus.','STS002',5,'2023-10-08 17:52:22','2023-10-08 17:52:22',NULL),(21,'Miss','Prof. Niko Bradtke','CIT002','35476684','40683 Paolo Meadow\nEast Sean, MD 96862','Apt. 291','Apt. 497',4,10,'325-866-3358','dianna97@example.com','ADN202200000021','Dolores necessitatibus mollitia omnis nulla officiis. Non non et provident nihil. Aliquid est earum assumenda.','STS002',4,'2023-10-08 17:52:22','2023-10-08 17:52:22',NULL),(22,'Prof.','Miss Lorna Berge','CIT001','36588422','3392 Stacey Branch\nDachshire, DC 91269','Apt. 552','Apt. 660',1,1,'1-657-377-7336','elliot42@example.org','ADN202200000022','Esse dignissimos quo voluptatem aut. Quo id optio eligendi velit enim tempore. Itaque enim asperiores facilis nam. Ipsam ad laborum voluptatem aut.','STS001',2,'2023-10-08 17:52:22','2023-10-08 17:52:22',NULL),(23,'Dr.','Ara Muller','CIT002','36657381','8918 Clarabelle Knolls Apt. 783\nCareychester, NC 61094-4078','Suite 558','Suite 342',7,19,'754.400.0520','elisha36@example.com','ADN202200000023','Rerum quia rerum ut enim vero laboriosam porro aspernatur. Tenetur qui et omnis eveniet. Ad sequi unde qui quis exercitationem et qui eaque.','STS001',2,'2023-10-08 17:52:22','2023-10-08 17:52:22',NULL),(24,'Mr.','Carrie Monahan','CIT001','73411979','512 Hirthe Crescent\nEast Theron, SC 30579-3031','Apt. 664','Suite 143',13,36,'+1-786-768-2733','sawayn.augustus@example.net','ADN202200000024','Labore nulla et in non quia. Fuga omnis ab quos non nemo. Dolore doloremque est ullam voluptas necessitatibus ea voluptates.','STS002',4,'2023-10-08 17:52:22','2023-10-08 17:52:22',NULL),(25,'Mrs.','Mr. Ismael Friesen','CIT001','46761523','1771 Bauch Via\nKielbury, IN 96168','Suite 759','Suite 725',7,19,'609-686-8412','fcummerata@example.net','ADN202200000025','Suscipit et beatae non excepturi quia. Temporibus accusantium voluptatem at omnis dolore. Sit aut odio recusandae nisi.','STS001',5,'2023-10-08 17:52:22','2023-10-08 17:52:22',NULL),(26,'Prof.','Ms. Elyse Mohr','CIT002','29536562','390 Mikel Street Apt. 717\nLake Rogerbury, SC 68163-5085','Suite 280','Apt. 922',3,7,'781.994.7695','denesik.lucius@example.com','ADN202200000026','Soluta id tempora sed repellendus consectetur. Sequi soluta non est minus. Similique sunt itaque tenetur ea.','STS002',2,'2023-10-08 17:52:22','2023-10-08 17:52:22',NULL),(27,'Dr.','Verner Kshlerin DVM','CIT002','47062860','94926 Santos Square Apt. 222\nArtland, GA 03502-3369','Suite 487','Apt. 031',7,19,'(731) 371-7999','nbergstrom@example.net','ADN202200000027','Ut est fugiat facere quibusdam dicta a. Unde voluptatem sunt nostrum cupiditate. Voluptatem et sed error eveniet voluptas.','STS002',1,'2023-10-08 17:52:22','2023-10-08 17:52:22',NULL),(28,'Mr.','Luciano Lind','CIT001','40454214','1817 Fredrick Walks Suite 368\nWest Jakaylaland, RI 87801-9165','Suite 972','Suite 366',11,30,'223-568-1570','hkeeling@example.org','ADN202200000028','Neque pariatur numquam eveniet qui. Id autem quae quia similique. Dicta unde expedita iste deleniti quidem.','STS001',3,'2023-10-08 17:52:22','2023-10-08 17:52:22',NULL),(29,'Dr.','Viva Crona Jr.','CIT002','32844290','4169 Carroll Prairie\nLake Verdie, NH 89936-5046','Suite 113','Suite 017',2,4,'+1.863.621.6203','alysson37@example.net','ADN202200000029','Cum animi vel quibusdam. Voluptas veritatis et et dolor placeat ipsam cumque.','STS001',5,'2023-10-08 17:52:22','2023-10-08 17:52:22',NULL),(30,'Dr.','Marcelo Hackett','CIT002','48263910','1622 Ondricka Haven\nSwaniawskishire, SC 07790','Suite 489','Apt. 913',11,30,'+1.940.782.0252','kunze.tierra@example.org','ADN202200000030','Hic pariatur ducimus suscipit sint dolorem. Doloribus quia distinctio aperiam pariatur veritatis rerum ut laboriosam. Debitis odio veritatis consequatur deserunt nesciunt recusandae exercitationem.','STS002',1,'2023-10-08 17:52:22','2023-10-08 17:52:22',NULL),(31,'Dr.','Leland Bergstrom','CIT002','16843615','51755 Anita Creek Suite 534\nSouth Pat, MN 92742','Suite 356','Apt. 660',12,33,'731.474.2680','zoe.kihn@example.org','ADN202200000031','Corrupti iusto rerum magnam deserunt minima sint aut qui. Saepe enim sit beatae voluptates rerum qui asperiores. Voluptatem eaque sunt natus officiis velit.','STS002',2,'2023-10-08 17:52:22','2023-10-08 17:52:22',NULL),(32,'Prof.','Baron Hackett III','CIT001','88380063','32413 Ruecker Branch\nNorth Stanleytown, MS 69853-1100','Suite 508','Apt. 039',6,16,'657.532.4119','kiarra10@example.org','ADN202200000032','Odit esse voluptatibus velit omnis natus et eum eius. Quia nisi qui totam repellendus eligendi tempora dolorum. Provident est molestiae debitis inventore.','STS002',4,'2023-10-08 17:52:22','2023-10-08 17:52:22',NULL),(33,'Dr.','Prof. Erika Doyle','CIT001','51459981','66443 Kaelyn Dale Suite 060\nWest Gillian, CA 69293','Suite 169','Suite 360',5,13,'+1-240-560-4354','nels29@example.org','ADN202200000033','Temporibus quos ab aut animi ipsum. Nihil magnam iusto nesciunt iste amet sed. Architecto cum possimus nulla nobis.','STS002',2,'2023-10-08 17:52:22','2023-10-08 17:52:22',NULL),(34,'Dr.','Burnice Welch','CIT002','7641631','8423 Deckow Mill Suite 130\nDouglasstad, MN 05756-7768','Apt. 419','Suite 314',8,22,'346.606.8110','crystal.witting@example.org','ADN202200000034','Tenetur quia ex aut dolore nobis est atque. Ut iure ut porro rem ad earum est. Amet consequuntur commodi optio.','STS002',3,'2023-10-08 17:52:22','2023-10-08 17:52:22',NULL),(35,'Dr.','Alan Ernser','CIT002','2644453','22771 Tiana Shoals\nLindgrentown, CT 45252-3615','Apt. 317','Suite 670',6,16,'(408) 256-2034','toni47@example.net','ADN202200000035','Vel modi amet hic quaerat dignissimos aliquam. Et voluptatum deleniti doloremque praesentium consequatur reprehenderit sunt. Atque non iure ut voluptate iure.','STS001',2,'2023-10-08 17:52:22','2023-10-08 17:52:22',NULL),(36,'Prof.','Dr. Iliana Harris','CIT002','61934691','89212 Hickle Village\nWest Jamisonborough, RI 26656-6683','Apt. 443','Suite 357',10,27,'+1-917-671-7597','ebert.jackeline@example.net','ADN202200000036','Neque et in vel dolor sed. Omnis iste dolorem reiciendis non corrupti non quidem. Sit voluptatum nostrum eaque modi. Voluptatem iusto quia vero reprehenderit.','STS001',1,'2023-10-08 17:52:22','2023-10-08 17:52:22',NULL),(37,'Prof.','Cayla Corwin','CIT001','3393591','9623 Abshire Neck Apt. 352\nLoraineville, WV 76050','Suite 435','Apt. 351',12,33,'1-914-815-2406','bbauch@example.org','ADN202200000037','Minima earum pariatur rerum consequuntur iste et. Sit et voluptatum dolor cumque eveniet. Facere mollitia modi ea voluptates suscipit distinctio.','STS001',5,'2023-10-08 17:52:22','2023-10-08 17:52:22',NULL),(38,'Dr.','Kelton Rodriguez','CIT002','32032380','944 Krista Road Apt. 641\nWest Providenci, SC 52974','Suite 436','Suite 362',8,22,'(458) 827-3975','hobart95@example.com','ADN202200000038','Magni labore sed tempore ipsam consequatur. Autem dolorem qui sed soluta voluptates et aliquam.','STS002',1,'2023-10-08 17:52:22','2023-10-08 17:52:22',NULL),(39,'Ms.','Rose Olson','CIT001','28621822','4586 Hettinger Mountain\nAltenwerthfurt, FL 13757','Suite 183','Apt. 737',9,25,'+1.949.427.2927','eulah.okeefe@example.com','ADN202200000039','Doloremque tenetur distinctio minus modi consequatur. Architecto eos distinctio porro quam accusamus qui. Est possimus quam suscipit dolor et.','STS002',4,'2023-10-08 17:52:22','2023-10-08 17:52:22',NULL),(40,'Dr.','Eliza Nicolas','CIT001','31271234','74727 Cole Turnpike Suite 564\nSantinoville, DC 64552','Suite 956','Apt. 914',10,27,'+1 (972) 675-2911','sankunding@example.net','ADN202200000040','Porro est et suscipit ad omnis in. Itaque doloribus ab cupiditate aliquam. Aut animi eligendi excepturi non perferendis placeat. Aut omnis expedita est soluta saepe sit.','STS001',3,'2023-10-08 17:52:22','2023-10-08 17:52:22',NULL),(41,'Prof.','Tomas Ritchie','CIT001','51566952','29727 Parker Fall Apt. 283\nFredville, MA 16661-6819','Apt. 298','Apt. 464',13,36,'+1-561-654-5462','layne94@example.com','ADN202200000041','Aut similique excepturi neque rerum quaerat qui dolore. Porro quibusdam maiores sed non eius. Labore ipsa eveniet ut omnis nostrum similique aspernatur.','STS001',2,'2023-10-08 17:52:22','2023-10-08 17:52:22',NULL),(42,'Mr.','Marilyne Dicki','CIT001','85274518','733 Mable Tunnel\nLake Ariane, SD 34770-9254','Suite 669','Apt. 422',7,19,'1-719-658-0400','lmohr@example.net','ADN202200000042','Commodi eaque ipsum voluptatem rerum. Et voluptas non adipisci consectetur. Rerum impedit tenetur aliquid expedita tenetur aut vero. Aut aut et nostrum aut ut libero sunt. Sed nam quisquam eius ad.','STS001',3,'2023-10-08 17:52:22','2023-10-08 17:52:22',NULL),(43,'Dr.','Josefa Volkman','CIT002','8887229','43608 Leora Trail Suite 362\nSherwoodtown, GA 48321','Suite 153','Apt. 759',7,19,'+14255909708','mcdermott.bettie@example.org','ADN202200000043','Labore et explicabo placeat et. Impedit voluptas velit cumque. Ipsum ab excepturi debitis molestias unde. Sed eaque nobis autem veritatis laudantium est consequatur alias.','STS002',1,'2023-10-08 17:52:22','2023-10-08 17:52:22',NULL),(44,'Mrs.','Ronny Torp','CIT002','16241382','93098 Moore Forest Suite 072\nJohnpaulport, ID 13760','Apt. 489','Apt. 320',6,16,'1-575-745-7850','award@example.org','ADN202200000044','Ut similique iusto repellat illum sunt. Saepe corrupti voluptatem quia autem reprehenderit. Rem accusamus est ipsam perferendis temporibus magni.','STS001',1,'2023-10-08 17:52:22','2023-10-08 17:52:22',NULL),(45,'Prof.','Josue Brown','CIT002','54351254','4715 Arnoldo Rapid Suite 113\nKozeyfurt, SD 02765','Apt. 851','Apt. 944',13,36,'+1.941.770.0272','wellington27@example.net','ADN202200000045','Facilis a et iste sequi. Consequatur officia atque quasi sit perspiciatis eos non est. In aut quia ipsum aut.','STS001',4,'2023-10-08 17:52:22','2023-10-08 17:52:22',NULL),(46,'Mrs.','Mrs. Hortense Grady','CIT002','26588684','452 Mohr Ridge\nPrincechester, MD 65775','Suite 799','Suite 525',3,7,'769.351.0124','allan65@example.net','ADN202200000046','Veritatis aliquam fuga minima vel maiores vel. Assumenda optio assumenda sit recusandae. Doloremque facilis perspiciatis possimus quisquam est dicta. Rem facere quia suscipit fuga non tempora in.','STS001',3,'2023-10-08 17:52:22','2023-10-08 17:52:22',NULL),(47,'Miss','Miss Rowena Koch','CIT001','80738445','5996 McGlynn Villages Apt. 496\nWest Valentine, FL 88107','Apt. 334','Apt. 209',13,36,'+1.986.974.9082','precious.hoeger@example.net','ADN202200000047','Necessitatibus est assumenda non et ea. Suscipit porro voluptatem est sed delectus inventore porro. Velit sit sint nobis veniam labore et aut consectetur.','STS001',5,'2023-10-08 17:52:22','2023-10-08 17:52:22',NULL),(48,'Mr.','Bernadette Thompson','CIT002','46881784','80126 Schinner Prairie\nNew Malika, NV 39478-0567','Apt. 583','Apt. 612',8,22,'818.624.9917','gtremblay@example.org','ADN202200000048','Voluptas nulla illum aut et sint commodi cum. Libero qui totam dolorem blanditiis. Reprehenderit dolorem reiciendis molestias eos in.','STS002',5,'2023-10-08 17:52:22','2023-10-08 17:52:22',NULL),(49,'Mr.','Prof. Audie Klein I','CIT002','60675255','3088 McCullough Stravenue Suite 378\nWest Jacklynfort, IN 19929-7740','Suite 608','Suite 508',12,33,'+1-308-240-8907','reinger.evie@example.org','ADN202200000049','Accusamus in sunt provident et veritatis. Dolor porro eos sunt deleniti. Iste est est similique quis quasi.','STS001',5,'2023-10-08 17:52:22','2023-10-08 17:52:22',NULL),(50,'Miss','Rae Nikolaus','CIT001','64503794','42619 Frieda Lake Suite 231\nStokeschester, HI 37043','Apt. 026','Apt. 430',11,30,'270-207-3850','flavie.farrell@example.com','ADN202200000050','Tempora eos et officiis. Doloribus enim hic id quo iure omnis. Maiores quibusdam nobis at illo. Architecto commodi laborum earum repellat a culpa.','STS001',4,'2023-10-08 17:52:22','2023-10-08 17:52:22',NULL),(51,'Prof.','Keara Boehm','CIT001','60008618','2379 Cummings Camp Suite 573\nParisville, LA 87782','Suite 067','Apt. 697',8,22,'469.984.5653','louvenia63@example.com','ADN202200000051','Ducimus architecto aperiam in est voluptatum. Sed veniam id rerum temporibus. Omnis modi aut quasi quia iure. Ut autem quas nemo ut.','STS002',3,'2023-10-08 17:52:22','2023-10-08 17:52:22',NULL),(52,'Prof.','Mrs. Ebba Runte MD','CIT002','86432882','255 Oswaldo Crossing\nGottliebtown, OH 72156-0563','Apt. 259','Apt. 916',7,19,'772.368.6966','teresa.ward@example.com','ADN202200000052','Officiis possimus voluptas vel odio magnam et. Molestiae quibusdam nisi qui laboriosam. Sunt qui nam adipisci qui exercitationem eum nesciunt expedita. Et facere corrupti reprehenderit autem.','STS002',4,'2023-10-08 17:52:22','2023-10-08 17:52:22',NULL),(53,'Dr.','Delia Feest','CIT002','22162231','18633 Lemke Mountains\nPort Freddy, WI 24243-2961','Suite 336','Suite 284',7,19,'+1-820-323-7562','leon56@example.net','ADN202200000053','Aut et et velit nihil sint iure quia. Occaecati eligendi quod adipisci non velit. Amet repudiandae velit distinctio repellendus maiores. Ut voluptas culpa impedit tempore atque.','STS002',2,'2023-10-08 17:52:22','2023-10-08 17:52:22',NULL),(54,'Mr.','Dr. Lloyd Wisoky','CIT002','17366585','32972 Ismael Ways\nLake Judsonview, ME 32004-3069','Suite 854','Apt. 776',4,10,'+17579811612','kiera10@example.net','ADN202200000054','Dolorem deserunt ex quidem dolore quis dolorem nulla. Debitis sed consectetur non et et id. Maiores et aperiam exercitationem.','STS001',3,'2023-10-08 17:52:22','2023-10-08 17:52:22',NULL),(55,'Dr.','Prof. Ollie McDermott','CIT001','28949305','402 Jan Extensions Suite 232\nHalvorsonshire, ND 21754','Apt. 689','Suite 556',7,19,'1-636-365-1501','bins.violette@example.com','ADN202200000055','Cupiditate qui rem nam ea nulla et. Assumenda fuga ratione dolore ea. Delectus ab enim natus ad. Quos maiores sunt dolores quae ut velit.','STS001',4,'2023-10-08 17:52:22','2023-10-08 17:52:22',NULL),(56,'Ms.','Demetris Kuhic MD','CIT001','45153790','14166 Kolby Keys\nOrnshire, VA 11026-3153','Suite 385','Suite 274',12,33,'337.915.4267','hill.carlie@example.net','ADN202200000056','Iure consequuntur libero itaque velit. Perspiciatis delectus repudiandae sequi optio. Aspernatur dolorum non quos qui qui nemo rerum sapiente.','STS001',5,'2023-10-08 17:52:22','2023-10-08 17:52:22',NULL),(57,'Miss','Serenity Stokes','CIT002','25745877','66330 Ferry Brooks\nFloridabury, NC 27028-0514','Suite 494','Apt. 330',13,36,'816.308.6111','charlene.franecki@example.com','ADN202200000057','Consectetur voluptate expedita delectus sed. Asperiores vero ipsa debitis. Minus voluptatem placeat neque eaque.','STS001',4,'2023-10-08 17:52:22','2023-10-08 17:52:22',NULL),(58,'Prof.','Jaden Romaguera','CIT002','82771321','802 Turner Glens\nNorth Candido, HI 66536','Apt. 635','Apt. 400',6,16,'+18604648594','pboyer@example.org','ADN202200000058','Aspernatur architecto et consequuntur voluptatum. Qui voluptatibus sit vel rerum quasi in fugit.','STS002',4,'2023-10-08 17:52:22','2023-10-08 17:52:22',NULL),(59,'Mr.','Tressa Goldner','CIT002','29353457','571 Lind Mission Apt. 348\nWest Ludiestad, MO 21333','Apt. 251','Suite 102',1,1,'254.428.5904','qwatsica@example.org','ADN202200000059','Id mollitia omnis et odit qui. Quos unde est est accusantium eos soluta molestias tenetur. Non illo ullam adipisci non quasi dolorem. Possimus ullam praesentium fugit ea vel.','STS002',5,'2023-10-08 17:52:22','2023-10-08 17:52:22',NULL),(60,'Dr.','Mrs. Fatima Stokes Jr.','CIT001','57825574','27272 Dickens Cove\nCaesarview, MN 95698','Suite 834','Apt. 173',8,22,'+1.484.671.5644','davis.norene@example.com','ADN202200000060','Corrupti omnis aut et. Fugiat tempora magnam eveniet maiores. Delectus deserunt sit exercitationem quod.','STS001',5,'2023-10-08 17:52:22','2023-10-08 17:52:22',NULL),(61,'Mr.','Claudine Haley','CIT002','27022383','940 Waelchi Ramp\nMoisesfort, SC 46105','Apt. 306','Suite 838',2,4,'+1-754-892-8732','little.lily@example.org','ADN202200000061','Delectus ipsam eum doloremque consequatur esse distinctio consequatur rem. Ducimus temporibus qui id. Ut voluptas magnam iusto vitae ratione.','STS002',4,'2023-10-08 17:52:22','2023-10-08 17:52:22',NULL),(62,'Dr.','Ms. Alexanne Medhurst PhD','CIT002','56256432','998 Erick Terrace Suite 514\nWest Winfield, MN 10278-3393','Suite 194','Apt. 447',5,13,'+1-480-272-0311','braun.wilfredo@example.com','ADN202200000062','Debitis tempora voluptas et animi eum saepe. Ipsum officia sit et tempora et rerum.','STS001',4,'2023-10-08 17:52:22','2023-10-08 17:52:22',NULL),(63,'Mr.','Emile Oberbrunner','CIT001','8590341','3984 Goyette Roads Suite 274\nSouth Rethahaven, UT 74480-6110','Apt. 002','Suite 885',5,13,'317-754-2162','bergnaum.arvel@example.org','ADN202200000063','Quibusdam et omnis corporis ratione earum sed veritatis. Illum aliquid excepturi et odit quas.','STS001',5,'2023-10-08 17:52:22','2023-10-08 17:52:22',NULL),(64,'Mr.','Tanner Emmerich V','CIT002','27210434','9561 Mohr Summit Suite 593\nAmelietown, HI 87519','Apt. 345','Suite 106',7,19,'425-550-8082','renner.milo@example.net','ADN202200000064','Rerum sunt iusto ratione. Autem deserunt iste quibusdam libero. Ut libero cumque commodi error odit laboriosam quam.','STS002',1,'2023-10-08 17:52:22','2023-10-08 17:52:22',NULL),(65,'Prof.','Trever Paucek','CIT002','69852131','284 Lubowitz Stravenue Apt. 115\nNorth Kamillemouth, MN 30969','Apt. 773','Suite 334',6,16,'928-225-2274','catalina.bruen@example.org','ADN202200000065','Expedita repudiandae veniam sit aspernatur pariatur nulla consequatur. Et minus magni aut ipsam. Sunt dolores minus recusandae tempora. Dolorum porro quo alias dolorum deserunt sint aut id.','STS002',5,'2023-10-08 17:52:22','2023-10-08 17:52:22',NULL),(66,'Mrs.','Providenci Carter','CIT002','91189874','73670 Marvin Light\nHankmouth, MS 15830','Suite 419','Suite 639',9,25,'(601) 476-4361','zboncak.jermain@example.com','ADN202200000066','Vero autem aspernatur aut excepturi voluptatem. Reiciendis enim earum culpa repellat et. Et ducimus consequatur et id. Maiores nihil vero qui repudiandae. Modi et est omnis est itaque doloremque sit.','STS001',1,'2023-10-08 17:52:22','2023-10-08 17:52:22',NULL),(67,'Prof.','Miss Suzanne Gibson','CIT002','43006465','9749 Cindy Views Apt. 921\nEliezerberg, NC 25914','Suite 001','Suite 438',8,22,'207-470-1835','zpagac@example.org','ADN202200000067','Veritatis in in quibusdam amet. Eos quia aut mollitia amet et esse commodi. Id est velit neque id ad.','STS002',2,'2023-10-08 17:52:22','2023-10-08 17:52:22',NULL),(68,'Prof.','Mrs. Oleta Grimes III','CIT002','14518654','8635 Rau Port Apt. 136\nVidalshire, DE 71387-2524','Apt. 528','Apt. 871',12,33,'1-818-270-9022','schroeder.bernice@example.com','ADN202200000068','Iste quis est fugiat. Ipsam quam ut magni. Ut quidem aperiam maiores.','STS002',2,'2023-10-08 17:52:22','2023-10-08 17:52:22',NULL),(69,'Prof.','Alphonso Schmidt','CIT001','18208528','8608 Shea Forest\nEast Demetriushaven, GA 69648','Apt. 153','Apt. 219',11,30,'360.945.5862','imraz@example.org','ADN202200000069','Consectetur aut error aperiam omnis. Autem placeat quis ut voluptatem officiis eveniet quis sunt. Ea voluptatem voluptatem consequuntur sunt.','STS001',1,'2023-10-08 17:52:22','2023-10-08 17:52:22',NULL),(70,'Dr.','Candido Bins','CIT001','78834148','9921 Mollie Cliffs\nEast Jessika, HI 36748-6562','Suite 307','Apt. 952',3,7,'706-613-8876','mdickinson@example.org','ADN202200000070','Id quae vero eius ipsa officiis consectetur. Illum quia quia qui ipsum iure consequuntur.','STS001',3,'2023-10-08 17:52:22','2023-10-08 17:52:22',NULL),(71,'Miss','Marcelle Howe','CIT002','4911463','79703 Howard Heights Suite 221\nNorth Elvera, OH 70379-1066','Suite 670','Suite 363',1,1,'1-534-495-0619','rohan.eleazar@example.net','ADN202200000071','Ut nulla sed omnis aut perspiciatis consectetur. Eum eum debitis sed eos ut suscipit officia aut. Magnam eveniet tempora cumque totam ea. Accusamus rerum id occaecati optio nam est.','STS002',3,'2023-10-08 17:52:22','2023-10-08 17:52:22',NULL),(72,'Prof.','Eulalia White','CIT001','24711966','195 Johnnie Harbors Suite 085\nNorth Bettyehaven, RI 51657','Apt. 106','Suite 253',13,36,'312.609.1700','bridgette.grant@example.net','ADN202200000072','At asperiores quibusdam quia qui voluptatem. Itaque ut animi voluptatem eaque laborum facilis aut.','STS001',1,'2023-10-08 17:52:22','2023-10-08 17:52:22',NULL),(73,'Dr.','Abigale Lubowitz','CIT002','81274913','31173 Avery Rapid Suite 666\nJacobsville, SC 01961','Suite 156','Suite 146',12,33,'612-621-6100','pascale.ohara@example.com','ADN202200000073','Necessitatibus quae in cupiditate ut omnis. Vitae soluta quos alias et dolor blanditiis ullam. Sint consequatur quaerat omnis numquam possimus.','STS002',5,'2023-10-08 17:52:23','2023-10-08 17:52:23',NULL),(74,'Dr.','Gudrun Zemlak DVM','CIT001','48806524','49298 Koelpin Summit\nEast Granville, MS 57987','Apt. 313','Suite 878',12,33,'1-567-846-9674','emelie.reynolds@example.com','ADN202200000074','Cum ex accusamus culpa iste voluptas dolorem. Facere quae saepe eum.','STS001',1,'2023-10-08 17:52:23','2023-10-08 17:52:23',NULL),(75,'Prof.','Orpha Simonis','CIT002','20953560','700 Katlynn Square\nWest Lillianfort, NJ 22783','Apt. 664','Apt. 603',5,13,'1-731-234-0239','ltillman@example.net','ADN202200000075','Sapiente sed delectus deleniti ut cupiditate omnis dolor accusamus. Quidem quia eius quasi qui officia provident. Autem porro commodi in at error aspernatur repudiandae.','STS002',3,'2023-10-08 17:52:23','2023-10-08 17:52:23',NULL),(76,'Prof.','Dr. Ubaldo Howell','CIT002','39570973','5882 Nader Manors\nNew Oda, ND 48492','Suite 752','Suite 038',4,10,'(650) 634-4813','noconnell@example.org','ADN202200000076','Quia beatae minima autem earum enim dolor. Excepturi velit id et dignissimos impedit error. Ab nesciunt saepe iure occaecati voluptas soluta.','STS002',5,'2023-10-08 17:52:23','2023-10-08 17:52:23',NULL),(77,'Dr.','Elyssa Kunze','CIT002','51745052','7834 Nitzsche Rapids Apt. 161\nEvafurt, KY 08306','Suite 036','Apt. 614',11,30,'+1 (630) 669-0130','waino.towne@example.net','ADN202200000077','Ex debitis ex sequi animi. Voluptas perspiciatis consequatur excepturi delectus est. Dicta amet repudiandae est voluptas minus dolorem.','STS002',5,'2023-10-08 17:52:23','2023-10-08 17:52:23',NULL),(78,'Prof.','Dessie Kunze','CIT002','85591635','544 Kieran Plaza Apt. 819\nGrahamborough, OR 70797-4590','Suite 525','Apt. 242',3,7,'423.285.8523','jaleel17@example.com','ADN202200000078','Culpa eaque ab sit maiores. Hic provident rerum dolorem reiciendis quia cumque eos quia. Non doloremque laudantium nihil alias deleniti. Rerum ipsum error et voluptatem commodi consequatur totam.','STS001',5,'2023-10-08 17:52:23','2023-10-08 17:52:23',NULL),(79,'Dr.','Nicholas Rolfson','CIT002','39810659','6495 Johnston Highway\nHesselburgh, TX 82759-0682','Apt. 800','Apt. 038',12,33,'+1-216-661-6055','alexis51@example.com','ADN202200000079','Sit sit tempore natus sit ad. Odit qui beatae tempore architecto. Dolorem deserunt magnam dicta impedit tenetur ut mollitia.','STS001',1,'2023-10-08 17:52:23','2023-10-08 17:52:23',NULL),(80,'Dr.','Cristopher Goyette','CIT001','870160','3338 Beau Expressway Apt. 078\nFabianborough, NY 96146','Apt. 183','Apt. 580',5,13,'(662) 930-8506','oschinner@example.net','ADN202200000080','Esse impedit et voluptate enim molestiae. Tempora est dolorum fugit laborum saepe rerum ratione. Quis pariatur ratione unde soluta. Blanditiis magni nam fugiat veritatis eum.','STS002',1,'2023-10-08 17:52:23','2023-10-08 17:52:23',NULL),(81,'Ms.','Lauren Waters Sr.','CIT001','10646025','48858 Wuckert Inlet\nZacheryhaven, VT 46053-2186','Suite 991','Suite 971',7,19,'(941) 273-0051','christina36@example.org','ADN202200000081','Incidunt soluta fugiat et velit. Quia voluptatem ut illum eius. Nisi omnis est deleniti distinctio enim illo fugiat.','STS001',1,'2023-10-08 17:52:23','2023-10-08 17:52:23',NULL),(82,'Dr.','Charles Marquardt II','CIT001','82524651','740 Kelsie Trafficway\nLake Jaidenshire, CT 35927','Suite 196','Apt. 416',5,13,'903-965-8538','carter.lincoln@example.org','ADN202200000082','Exercitationem eaque facere sed aperiam. Esse voluptas eum impedit ipsam quia occaecati. Ipsum qui qui nesciunt repudiandae sapiente et.','STS001',1,'2023-10-08 17:52:23','2023-10-08 17:52:23',NULL),(83,'Mr.','Sigmund Erdman','CIT002','63514127','70611 Reina Radial Apt. 422\nEvelynland, RI 97941','Suite 790','Apt. 857',2,4,'813-825-3068','yesenia.ward@example.net','ADN202200000083','Et minima exercitationem facilis maxime. Facilis adipisci quasi harum aut consectetur asperiores ipsum.','STS001',1,'2023-10-08 17:52:23','2023-10-08 17:52:23',NULL),(84,'Prof.','Larry Harber','CIT001','91758557','540 Frami Burgs\nNolanfurt, AK 44158','Suite 230','Suite 229',10,27,'564.647.4369','lebsack.darrel@example.com','ADN202200000084','Sit voluptatem similique autem quam ut excepturi. Ut nostrum dignissimos quo deleniti harum tempora voluptatibus quia. Dicta fuga aut enim.','STS001',4,'2023-10-08 17:52:23','2023-10-08 17:52:23',NULL),(85,'Prof.','Baby Reichel DDS','CIT001','53327382','117 Clotilde Roads Suite 876\nEast Camilla, GA 77051','Suite 007','Suite 116',6,16,'+1-470-610-3155','kyla80@example.net','ADN202200000085','Quasi non iste repellendus occaecati repellat qui eum rem. Et officia et harum et exercitationem sit sapiente architecto.','STS001',5,'2023-10-08 17:52:23','2023-10-08 17:52:23',NULL),(86,'Mr.','Ms. Alyson Wilkinson','CIT002','36404289','92977 Pete Courts\nWillmsbury, WA 84546','Suite 780','Apt. 101',10,27,'1-949-302-0661','shea.konopelski@example.net','ADN202200000086','Similique voluptas ipsum veritatis nostrum nisi labore. Sit iure fugiat non accusantium distinctio. Laboriosam voluptatem deserunt maxime qui. Ut vel est qui officia nulla.','STS002',4,'2023-10-08 17:52:23','2023-10-08 17:52:23',NULL),(87,'Dr.','Mrs. Vita Gottlieb Jr.','CIT001','93199412','9522 Kutch Drives\nBashirianhaven, MD 45308-2694','Suite 508','Suite 329',6,16,'+1-540-714-8216','mckayla.beier@example.net','ADN202200000087','Fugiat rerum iusto sit ut laboriosam voluptas inventore. Similique beatae et sit dolor. Optio quidem quis numquam ad tempora sit doloribus molestias. Id voluptas eaque et eligendi illo.','STS001',2,'2023-10-08 17:52:23','2023-10-08 17:52:23',NULL),(88,'Dr.','Dr. Alf Bahringer DVM','CIT002','26356856','75456 Cronin Divide\nNew Trudie, NY 03429-6616','Suite 371','Apt. 310',7,19,'(872) 839-4321','mwilderman@example.org','ADN202200000088','Vel quod velit quia velit qui sit. Quia repellat eaque dolores. Laborum est quia eius consequatur deleniti eos temporibus id.','STS002',2,'2023-10-08 17:52:23','2023-10-08 17:52:23',NULL),(89,'Prof.','Dr. Clifford O\'Connell II','CIT001','77727919','81972 Weimann Lights\nCollinsborough, ND 92580-2786','Apt. 319','Suite 527',7,19,'361.420.9956','maribel.gleichner@example.com','ADN202200000089','Perferendis repellendus voluptas iure et corrupti. Non aut quaerat provident eos sed. Quia quae sed aperiam cum ipsum tempora tempora natus. Quod doloribus in iusto et porro alias.','STS002',3,'2023-10-08 17:52:23','2023-10-08 17:52:23',NULL),(90,'Prof.','Elsa Emmerich MD','CIT002','78216696','8978 Levi Corners\nNienowborough, VA 00774-5700','Apt. 273','Apt. 481',5,13,'361-987-0567','aufderhar.tabitha@example.com','ADN202200000090','Perspiciatis et sed minus sint. Sed ducimus pariatur deserunt. Fugit ipsa quasi temporibus.','STS001',3,'2023-10-08 17:52:23','2023-10-08 17:52:23',NULL),(91,'Mr.','Allison Jones','CIT001','43133812','3626 Savannah Trail Apt. 387\nCharleyside, AR 98269-1824','Suite 064','Suite 969',12,33,'347-463-0659','verner98@example.net','ADN202200000091','Minus quisquam est optio culpa. Id officia sed quod id. Cum illum repudiandae fugit reprehenderit reprehenderit dolorum voluptas. Eum in omnis optio dolorum sapiente voluptas.','STS002',4,'2023-10-08 17:52:23','2023-10-08 17:52:23',NULL),(92,'Mr.','Douglas Upton','CIT002','79303393','23558 Keebler Fields\nEast Leta, CT 48059','Apt. 980','Apt. 394',11,30,'+14094078705','adrian.fisher@example.net','ADN202200000092','Voluptatem qui molestiae harum error. Magnam deserunt facere voluptate. Quo laborum cumque id qui. Illum laboriosam provident assumenda.','STS002',3,'2023-10-08 17:52:23','2023-10-08 17:52:23',NULL),(93,'Prof.','Sven Grimes MD','CIT002','39511034','2362 Rey Knolls Apt. 385\nOsinskimouth, AK 46877-9132','Suite 516','Suite 544',9,25,'(769) 497-6498','furman74@example.net','ADN202200000093','Natus recusandae placeat nihil omnis. Quas incidunt nam consectetur. Ut similique itaque excepturi voluptatem molestiae atque id.','STS001',2,'2023-10-08 17:52:23','2023-10-08 17:52:23',NULL),(94,'Ms.','Shaylee Homenick','CIT002','72697167','37105 Bahringer Village Suite 169\nAbemouth, DC 51658-3070','Apt. 062','Suite 045',11,30,'1-947-458-1062','cleta92@example.net','ADN202200000094','Ab qui possimus fugit voluptatem. Ea nihil sequi omnis minima. Qui alias rerum facere non.','STS002',3,'2023-10-08 17:52:23','2023-10-08 17:52:23',NULL),(95,'Mrs.','Aiyana Hand','CIT001','46167641','443 Waldo Dam Suite 145\nEast Nicholaus, NJ 73781-9055','Suite 597','Apt. 662',3,7,'1-734-783-6198','abshire.theodora@example.net','ADN202200000095','Maiores debitis sed et temporibus suscipit. Sit saepe voluptatem rerum error iusto aut. Porro id vel non et voluptas.','STS001',3,'2023-10-08 17:52:23','2023-10-08 17:52:23',NULL),(96,'Ms.','Mr. Keagan Steuber','CIT002','23524571','20626 Kuhlman Green\nKrisshire, NY 69041-2467','Suite 974','Apt. 867',5,13,'1-870-290-6822','isac88@example.org','ADN202200000096','Dolores velit eveniet aliquam blanditiis veniam. Consectetur in soluta aut iure suscipit eius. Quia consequatur nemo quia hic.','STS002',3,'2023-10-08 17:52:23','2023-10-08 17:52:23',NULL),(97,'Mrs.','Emmanuelle Reichert V','CIT001','30129067','27063 Marks Mission Suite 883\nEast Stacyside, NJ 41644','Suite 489','Suite 165',9,25,'(283) 359-2792','gunnar34@example.com','ADN202200000097','Accusamus blanditiis velit facilis aliquam. Et labore sed non corporis dignissimos eos culpa. Ut sed nostrum maxime omnis ipsa. Ducimus quia itaque animi.','STS002',1,'2023-10-08 17:52:23','2023-10-08 17:52:23',NULL),(98,'Dr.','Jaycee Kuhlman','CIT002','22799783','692 Hailee Oval\nEast Burley, IN 09798-9577','Suite 121','Apt. 251',11,30,'847.671.3616','sonny60@example.org','ADN202200000098','Accusamus autem rem voluptatem eum. Praesentium temporibus eligendi quia eos et quia et. Doloremque veritatis sapiente maxime accusantium laborum quia. Officiis incidunt modi culpa sit sint aliquid.','STS001',3,'2023-10-08 17:52:23','2023-10-08 17:52:23',NULL),(99,'Ms.','Ella Kohler','CIT001','13558215','1689 Lesch Springs Suite 635\nWest Valentinefort, WV 39799-7397','Apt. 823','Apt. 248',9,25,'1-828-610-4358','katlyn.hackett@example.org','ADN202200000099','Nobis ducimus ut quo omnis repellendus in. Impedit eaque dolor sequi cumque facere accusamus dolores dolores. Nobis culpa vel hic incidunt sequi. Qui architecto assumenda ut perspiciatis.','STS002',4,'2023-10-08 17:52:23','2023-10-08 17:52:23',NULL),(100,'Dr.','Oran Leffler','CIT002','96498985','6335 Bahringer Green Suite 364\nSouth Aric, AZ 75547','Suite 022','Apt. 987',13,36,'+1-346-353-9713','ruecker.martine@example.org','ADN202200000100','Nisi inventore neque illum at aut dignissimos. Qui sit est dolorem porro aperiam quia. Eos sapiente et hic autem rem ratione quia doloremque.','STS001',3,'2023-10-08 17:52:23','2023-10-08 17:52:23',NULL),(101,'Mrs.','Bethel Schuppe','CIT002','52705644','30627 Heller Rapids\nPollichport, NM 31460','Suite 768','Apt. 442',1,1,'(859) 993-7236','usporer@example.com','ADN202200000101','Et impedit quaerat et nihil deleniti accusantium voluptatibus. Amet aut saepe commodi. Non modi adipisci repellendus qui.','STS001',2,'2023-10-08 17:52:23','2023-10-08 17:52:23',NULL),(102,'Miss','Dr. Avery Fadel PhD','CIT001','64079599','45389 Halvorson Squares\nReynoldfurt, UT 53775-3595','Apt. 461','Suite 753',2,4,'1-845-871-2887','nschowalter@example.com','ADN202200000102','Voluptatem optio placeat ut et. Magnam aut ut sit. Voluptatem ea vero voluptatem optio at.','STS002',2,'2023-10-08 17:52:23','2023-10-08 17:52:23',NULL),(103,'Prof.','Delfina Stracke','CIT002','78209765','2458 Charlie Stream\nSchinnerside, DE 17617-0447','Apt. 946','Apt. 356',5,13,'412.496.9475','dante76@example.org','ADN202200000103','Illum voluptatibus quis assumenda. Odit consectetur et fugiat architecto quibusdam nihil. Quia natus sapiente nesciunt et. Autem voluptas nesciunt quae eaque et rerum. Rerum dolores perferendis ea.','STS002',1,'2023-10-08 17:52:23','2023-10-08 17:52:23',NULL),(104,'Prof.','Kelvin Schroeder','CIT002','1396881','80740 Braun Harbors\nLake Royal, TX 63748-8417','Apt. 708','Apt. 835',12,33,'(734) 692-5887','katherine59@example.net','ADN202200000104','Nulla unde tempore eos amet quia rerum nam voluptas. Enim modi rem et in ea omnis.','STS001',4,'2023-10-08 17:52:23','2023-10-08 17:52:23',NULL),(105,'Mr.','Doyle Ritchie','CIT001','68276196','7010 Larkin Camp Apt. 216\nBirdiemouth, ID 94251','Apt. 096','Suite 882',5,13,'337.434.1116','mohammad34@example.org','ADN202200000105','In qui occaecati ab. Quis at sed voluptas quia voluptatem. Laudantium qui quaerat animi et omnis voluptate quisquam. Eaque cumque nisi possimus non soluta quisquam laborum.','STS001',5,'2023-10-08 17:52:23','2023-10-08 17:52:23',NULL),(106,'Miss','Dr. Carolyne Daniel PhD','CIT001','21935514','3092 Itzel Forks Apt. 012\nLake Marcellus, NV 73890','Suite 220','Apt. 828',2,4,'516.823.2101','blanda.sister@example.net','ADN202200000106','Nostrum ut sunt ipsum harum. Quisquam veritatis animi voluptatibus nihil qui porro. Rem error ut quis deserunt corporis dolore et aliquam. Unde odit aut optio est molestiae.','STS002',5,'2023-10-08 17:52:23','2023-10-08 17:52:23',NULL),(107,'Ms.','Gust D\'Amore DDS','CIT001','12773594','705 Schaefer Trail Apt. 378\nPort Torrance, FL 36155','Suite 758','Suite 770',7,19,'(503) 725-2710','maxwell62@example.net','ADN202200000107','Sunt voluptatum ab in. Assumenda eos ullam voluptates. Dolore beatae quaerat est consequuntur doloribus labore consequatur. Est laudantium quidem unde quo et voluptates voluptatibus.','STS001',4,'2023-10-08 17:52:23','2023-10-08 17:52:23',NULL),(108,'Dr.','Prof. Jordy Green','CIT002','22617982','76728 Satterfield Centers Apt. 118\nNorth Kenton, MI 50375','Suite 295','Suite 089',4,10,'440-432-8726','gretchen.rau@example.com','ADN202200000108','Rem possimus ab quod. Eos voluptas repellendus ut enim fugiat voluptate sint. Reprehenderit aspernatur excepturi vel repellat et impedit inventore. In occaecati non qui sint quam.','STS002',2,'2023-10-08 17:52:23','2023-10-08 17:52:23',NULL),(109,'Prof.','Reid Hane','CIT001','18872945','5365 Jacobson Lake\nNew Aiyanaport, MT 49000-3037','Suite 480','Suite 497',7,19,'(361) 947-9102','zulauf.payton@example.net','ADN202200000109','Aut aliquam adipisci eum est deleniti consequatur sed deleniti. Ut iste voluptas voluptatum enim. Sit dolorem dolores cum est provident temporibus.','STS002',2,'2023-10-08 17:52:23','2023-10-08 17:52:23',NULL),(110,'Dr.','Carolyn Koch','CIT001','58389651','615 Kessler Ridge\nLake Henriport, DC 78011-7914','Suite 032','Apt. 346',13,36,'+1-484-771-7336','ignatius55@example.net','ADN202200000110','Id est sit rerum. Est porro aut facere dolorem in. Voluptatem id aliquam aut. Ab ad odit ab facilis amet eius illum.','STS001',5,'2023-10-08 17:52:23','2023-10-08 17:52:23',NULL),(111,'Ms.','Concepcion Krajcik','CIT001','98485186','6311 Sabina Landing\nPort Marilie, WY 68537-8227','Apt. 468','Apt. 741',5,13,'+1.858.313.3322','haley.michael@example.org','ADN202200000111','Eum minus harum provident tempora sed. Assumenda ex consectetur quidem et. Corrupti dignissimos id a cum quos. Facere rerum esse magni mollitia aut.','STS002',3,'2023-10-08 17:52:23','2023-10-08 17:52:23',NULL),(112,'Miss','Rasheed Spencer','CIT001','42386365','6706 Hand Highway\nAlvinatown, FL 65406','Suite 527','Suite 749',1,1,'954-554-2401','pkub@example.com','ADN202200000112','Repellat repellat enim omnis recusandae. Explicabo quia ipsum et sint in aut.','STS002',4,'2023-10-08 17:52:23','2023-10-08 17:52:23',NULL),(113,'Miss','Irwin Beier','CIT002','79959881','807 Monroe Turnpike Apt. 441\nLegrosborough, DE 27160-6596','Suite 954','Apt. 599',4,10,'503.639.3821','zcorwin@example.com','ADN202200000113','Ipsa debitis non sunt nisi laboriosam alias sint. Voluptatibus earum aspernatur et rerum ipsa repudiandae. Non hic voluptatem et. Aliquid impedit aliquam deleniti qui sed doloremque.','STS001',1,'2023-10-08 17:52:23','2023-10-08 17:52:23',NULL),(114,'Dr.','Prof. Lemuel Quigley III','CIT002','59997711','4830 Schumm Dale Suite 598\nBessieport, AK 75678','Suite 912','Apt. 593',11,30,'(669) 789-8559','sonny78@example.net','ADN202200000114','Ut officia error et nostrum sunt. Temporibus sint vel aut et sunt necessitatibus labore. Aspernatur eligendi in ex id odio impedit impedit.','STS002',3,'2023-10-08 17:52:23','2023-10-08 17:52:23',NULL),(115,'Dr.','Sadie McLaughlin','CIT002','98531996','5007 King Falls\nAlbertochester, NJ 10990','Apt. 446','Suite 995',7,19,'+17632400628','ajacobson@example.org','ADN202200000115','Quae sed aut voluptas nam omnis voluptas. Nulla illum voluptate eaque nihil sunt et. Quam corrupti et non veniam est minima est. Quia esse at impedit iure est sed.','STS001',1,'2023-10-08 17:52:23','2023-10-08 17:52:23',NULL),(116,'Prof.','Dr. Vida Buckridge','CIT001','58732166','74772 Williamson Junctions\nNew Nova, TN 99070-2399','Suite 882','Apt. 282',1,1,'+1 (253) 821-3657','theresia.kohler@example.com','ADN202200000116','Dolor labore ratione aspernatur odit modi. Dolorem laborum est commodi non reprehenderit provident cum.','STS002',5,'2023-10-08 17:52:23','2023-10-08 17:52:23',NULL),(117,'Dr.','Ms. Kailey Stanton V','CIT001','4886192','381 Stracke Roads Apt. 070\nLubowitzton, IA 77735','Apt. 488','Apt. 675',1,1,'+17864495988','jamie19@example.com','ADN202200000117','Impedit quia aliquid qui tenetur libero facere eius. Velit quisquam blanditiis incidunt ut eligendi. Ea adipisci voluptatem et repudiandae voluptatum quia nobis. Vero odit sed omnis et itaque totam.','STS001',4,'2023-10-08 17:52:23','2023-10-08 17:52:23',NULL),(118,'Prof.','Tillman Zboncak III','CIT002','14345149','1148 Ezra Forks Apt. 182\nRoslynburgh, GA 54627-3293','Suite 796','Suite 792',10,27,'(915) 846-7134','vhuel@example.net','ADN202200000118','Eius labore nisi iure pariatur consequuntur. Dolorem nisi vel est est dicta voluptatum nihil. Quas quasi nihil enim consectetur.','STS002',1,'2023-10-08 17:52:23','2023-10-08 17:52:23',NULL),(119,'Ms.','Mrs. Stephania Hessel','CIT002','51425028','25716 Goyette Curve\nNorth Americoview, CO 21906','Suite 411','Suite 837',3,7,'+1 (336) 784-0933','ruth42@example.com','ADN202200000119','Et quam blanditiis omnis et laudantium cupiditate omnis. Sit eum facilis enim. Est sunt non fuga facere. Officia beatae ipsum et omnis ut eaque id.','STS002',2,'2023-10-08 17:52:23','2023-10-08 17:52:23',NULL),(120,'Dr.','Cydney Mann Jr.','CIT002','3729163','8603 Vincenza Well\nDonaldville, MD 36267','Suite 999','Suite 072',5,13,'+1-986-271-7653','cecil.anderson@example.org','ADN202200000120','Totam quo alias a veniam fuga qui. Error odit saepe est in vitae. Impedit ullam nemo facere necessitatibus placeat animi aliquam eius. Aut est qui delectus.','STS002',3,'2023-10-08 17:52:23','2023-10-08 17:52:23',NULL),(121,'Dr.','Clinton Ratke','CIT002','70093185','2799 Elmer Common Suite 608\nO\'Connerville, NH 93317','Apt. 443','Suite 514',13,36,'678-974-5717','dbailey@example.org','ADN202200000121','Minus nobis eum quasi libero optio. Expedita beatae voluptates vitae voluptatem et molestiae vel. Et dolores quam nesciunt ea cum rem.','STS001',5,'2023-10-08 17:52:23','2023-10-08 17:52:23',NULL),(122,'Prof.','Mr. Devan Keebler','CIT001','71450388','1031 Arlo Springs Suite 194\nWest Keelyside, PA 33189-5574','Suite 025','Suite 043',7,19,'1-629-362-1347','arnoldo28@example.com','ADN202200000122','Numquam eum harum quis in est hic est. Esse at non laboriosam soluta. Tempore id vel omnis laborum fugiat. Nemo tempore et explicabo nesciunt laboriosam.','STS001',1,'2023-10-08 17:52:23','2023-10-08 17:52:23',NULL),(123,'Dr.','Nicolas Luettgen I','CIT001','4284431','29284 Tromp Forest Apt. 231\nWatsicachester, MD 54699-9513','Apt. 589','Suite 200',3,7,'1-336-334-1122','otha.mills@example.org','ADN202200000123','Libero nobis quam quia qui id vitae. Ut temporibus quam recusandae incidunt ab suscipit. Doloremque tempore excepturi consequuntur amet dolorem dolores sit.','STS001',1,'2023-10-08 17:52:23','2023-10-08 17:52:23',NULL),(124,'Mrs.','Van Haag V','CIT001','75161833','8552 Carlie Extensions\nNorth Lauretta, MS 24133','Apt. 547','Apt. 176',2,4,'1-445-375-5381','rosalinda.bosco@example.org','ADN202200000124','Sint quasi recusandae molestias non. Distinctio soluta eligendi laboriosam accusamus et dicta dolores sed. Dolores nobis nihil temporibus modi. Incidunt ea autem itaque non.','STS001',4,'2023-10-08 17:52:23','2023-10-08 17:52:23',NULL),(125,'Mrs.','Mrs. Amanda Moore III','CIT002','63543154','293 Casper Manors Suite 302\nAbdullahstad, NE 20321-9734','Suite 301','Suite 169',3,7,'+1.715.762.2254','sydnee11@example.com','ADN202200000125','Facere vel expedita nobis. Aperiam ab corrupti ea laborum quis optio pariatur et. Dolorem laboriosam non sed quibusdam impedit aliquam. Repellat dolorem laudantium tempore suscipit.','STS001',3,'2023-10-08 17:52:23','2023-10-08 17:52:23',NULL),(126,'Mrs.','Miss Anabel Schneider DDS','CIT002','44719252','500 Efren Keys Suite 636\nMurielside, UT 16794','Suite 059','Apt. 980',4,10,'+12793566226','garland.orn@example.com','ADN202200000126','Sint id sequi sed qui. Voluptates quod aspernatur cumque ipsum. Non unde dolor nulla aperiam quod dolor. Cum natus aliquid facere inventore reiciendis nobis.','STS002',2,'2023-10-08 17:52:23','2023-10-08 17:52:23',NULL),(127,'Prof.','Dr. Solon Olson','CIT001','50632337','606 Myrtie Crossing Apt. 350\nEast Mabel, MO 36323','Apt. 971','Suite 432',13,36,'331-806-4761','twitting@example.com','ADN202200000127','Fuga rerum in harum incidunt dolorum amet error aliquam. Qui voluptas est eos. Molestiae quod ipsa distinctio voluptatem.','STS001',3,'2023-10-08 17:52:23','2023-10-08 17:52:23',NULL),(128,'Dr.','Carley Prosacco','CIT002','36838931','91223 Liliane Locks Suite 208\nMadelynnville, VA 11278-8106','Apt. 166','Apt. 770',11,30,'+1 (936) 765-7630','jarrett.bashirian@example.org','ADN202200000128','Laboriosam rerum necessitatibus fugit minus. Iusto in reprehenderit aspernatur quo distinctio a porro. Aut sit dignissimos tempora voluptate ipsum.','STS002',1,'2023-10-08 17:52:23','2023-10-08 17:52:23',NULL),(129,'Prof.','Priscilla Howell','CIT001','30506302','109 Domingo Villages\nFramichester, WI 79056','Apt. 294','Apt. 528',10,27,'+1-954-703-3727','emmanuel.bauch@example.org','ADN202200000129','Magnam temporibus amet illum perferendis eum aspernatur ut. Voluptate et delectus autem rerum. Quos occaecati labore nemo possimus fugiat inventore.','STS001',2,'2023-10-08 17:52:23','2023-10-08 17:52:23',NULL),(130,'Prof.','Jerel Keeling','CIT002','5798151','723 Jerde Harbors\nLake Hilbertland, KY 52694-4895','Suite 503','Suite 753',11,30,'(857) 736-8463','juana70@example.org','ADN202200000130','Commodi cupiditate est itaque et. Reprehenderit dignissimos id fugit amet quae. Eum voluptatem rerum ducimus quaerat animi suscipit deleniti. Qui quia iure sint tenetur et explicabo.','STS001',5,'2023-10-08 17:52:23','2023-10-08 17:52:23',NULL),(131,'Mr.','Dr. Cleve O\'Conner II','CIT002','93430238','523 Homenick Islands Suite 107\nLake Nickolas, WI 49437-5302','Suite 535','Apt. 277',8,22,'+1.956.901.6297','green.kunze@example.org','ADN202200000131','Inventore numquam accusamus tenetur qui. Molestias dolores non est odio. Consectetur similique eum rerum tempora officiis amet rerum. Voluptatum ut aut quasi perferendis.','STS001',1,'2023-10-08 17:52:23','2023-10-08 17:52:23',NULL),(132,'Ms.','Prof. Lyric Schultz Sr.','CIT002','48868576','684 Jamel Walks Apt. 978\nHelgaburgh, TX 66083','Apt. 297','Apt. 981',6,16,'947-593-2789','hackett.marty@example.org','ADN202200000132','Ut reiciendis vero dolorum accusamus veritatis. Autem beatae maxime sed et quae at distinctio. Ut expedita sed dolor esse autem at impedit.','STS001',2,'2023-10-08 17:52:23','2023-10-08 17:52:23',NULL),(133,'Prof.','Jermey Feest','CIT001','37138742','4677 Wiza Course\nKesslerberg, NY 25579','Suite 531','Apt. 798',6,16,'1-585-706-8932','cole.mabel@example.org','ADN202200000133','Laudantium earum voluptas sed dicta quisquam. Mollitia voluptas voluptatem et tenetur expedita quod. Saepe deleniti doloribus nemo similique facere. Reprehenderit impedit beatae ea fugiat voluptatem.','STS001',2,'2023-10-08 17:52:23','2023-10-08 17:52:23',NULL),(134,'Mr.','Jennings Gulgowski','CIT002','12973069','8416 Zboncak Drive Suite 469\nEast Jacinto, NC 76069-2843','Suite 379','Apt. 108',6,16,'+1 (239) 963-5637','roy52@example.net','ADN202200000134','Sint consectetur sed aperiam magnam commodi aut. Qui et sunt hic officia. Ut magnam omnis quo et accusamus.','STS002',3,'2023-10-08 17:52:23','2023-10-08 17:52:23',NULL),(135,'Prof.','Shawn Ondricka','CIT002','49500159','1241 Karley Knolls\nEvieport, UT 86000-1668','Apt. 990','Apt. 605',1,1,'1-267-432-5482','kay.luettgen@example.net','ADN202200000135','Qui dolorum qui unde sit. Laborum et sed et qui autem ratione distinctio. Repudiandae neque voluptas qui dignissimos veniam cumque expedita illo.','STS002',4,'2023-10-08 17:52:23','2023-10-08 17:52:23',NULL),(136,'Prof.','Mac Willms IV','CIT002','84765532','847 Beahan Court Suite 292\nNorth Irma, IN 70675','Suite 237','Suite 106',5,13,'262.806.7305','qrice@example.org','ADN202200000136','Iusto qui dolorum aut fugiat. Qui delectus nemo incidunt enim sit aut. Ex non quam voluptas est sed.','STS002',1,'2023-10-08 17:52:23','2023-10-08 17:52:23',NULL),(137,'Mrs.','Joannie Gleichner III','CIT002','85333629','791 Krystal Loop Apt. 542\nLake Orpha, MA 66407','Suite 801','Suite 895',5,13,'1-302-734-9903','lowe.angelica@example.org','ADN202200000137','Et ut pariatur animi et. Dolorem odio velit rerum nihil quos. Corrupti dolore dicta quaerat amet.','STS001',1,'2023-10-08 17:52:23','2023-10-08 17:52:23',NULL),(138,'Dr.','Kobe Rowe','CIT002','74613534','754 Boehm Shores\nNew Bella, DE 94761','Apt. 774','Apt. 841',8,22,'+1-347-435-1984','bnicolas@example.org','ADN202200000138','Cupiditate ex itaque quas cum et consequatur nam. Eius atque veniam porro dolor repellendus quam. Et mollitia sit omnis nam.','STS001',1,'2023-10-08 17:52:23','2023-10-08 17:52:23',NULL),(139,'Dr.','Dr. Kenya Herman Sr.','CIT001','5324403','19938 Rowe Rue\nSouth Raphaellefort, CO 02732','Apt. 392','Apt. 671',1,1,'845.258.2065','jayne93@example.net','ADN202200000139','Sed reprehenderit velit inventore est neque non. Repudiandae ut quaerat ducimus sit amet sint delectus.','STS001',1,'2023-10-08 17:52:23','2023-10-08 17:52:23',NULL),(140,'Prof.','Erna McClure MD','CIT002','80535947','592 Cara Mill Apt. 188\nEast Logan, IN 20646-0579','Apt. 607','Apt. 357',1,1,'+1.870.827.5212','dbahringer@example.org','ADN202200000140','Aut ea adipisci qui illo sed quae facere. Quidem repellat modi repudiandae omnis sunt aliquam error. Velit est quas hic sed numquam.','STS002',3,'2023-10-08 17:52:23','2023-10-08 17:52:23',NULL),(141,'Dr.','Isidro Shanahan','CIT001','89104416','2075 Katheryn Camp Apt. 782\nBeckerfurt, DE 94893','Apt. 446','Suite 466',2,4,'(309) 434-8847','lukas71@example.org','ADN202200000141','Commodi repudiandae exercitationem dicta neque. Illo dolore eos eum nisi aperiam dolorem ullam ullam.','STS001',5,'2023-10-08 17:52:23','2023-10-08 17:52:23',NULL),(142,'Prof.','Miss Lilyan Windler','CIT002','25565564','8369 Mathilde Roads\nNorth Elainamouth, CT 98346-0758','Apt. 739','Apt. 205',11,30,'947.500.3977','kristy91@example.com','ADN202200000142','Illum temporibus quo facilis voluptas quo tempora. Quia odit fugit quo repellendus mollitia et rerum quo.','STS002',2,'2023-10-08 17:52:23','2023-10-08 17:52:23',NULL),(143,'Prof.','Ms. Brionna Quigley IV','CIT001','59017215','5372 Emmerich Branch Suite 601\nGaetanoborough, HI 35669','Suite 890','Apt. 580',4,10,'+1-385-537-7829','feest.chanel@example.com','ADN202200000143','Odit consequuntur est sit quae. Placeat ab perspiciatis aperiam rerum incidunt natus. Quidem natus eligendi maxime.','STS001',4,'2023-10-08 17:52:23','2023-10-08 17:52:23',NULL),(144,'Prof.','Terrell Gulgowski','CIT001','76469628','32542 Ledner Keys\nWest Clara, GA 09507-1862','Apt. 766','Apt. 763',11,30,'228.454.4034','henri14@example.com','ADN202200000144','Et minus quisquam et optio. Inventore nisi maxime enim eveniet ea dolores blanditiis reiciendis. Molestiae eius molestias exercitationem explicabo accusamus.','STS001',4,'2023-10-08 17:52:23','2023-10-08 17:52:23',NULL),(145,'Miss','Mrs. Thelma Ritchie','CIT001','5476426','80360 Altenwerth Drive\nEast Caterina, IL 34606','Apt. 997','Suite 448',12,33,'(726) 421-1074','witting.bradford@example.com','ADN202200000145','Delectus labore aut doloremque ipsam error laborum. Blanditiis voluptates ad aliquam voluptatem eius facilis. Ea deleniti dolore provident non ut ullam. Sunt ea quas ut aliquid ratione voluptas.','STS002',1,'2023-10-08 17:52:23','2023-10-08 17:52:23',NULL),(146,'Prof.','Lavinia Herzog','CIT002','72201714','82281 Runolfsson Rue Suite 053\nHerminiofort, ID 35253-4262','Suite 095','Apt. 480',7,19,'(541) 328-1709','little.sven@example.net','ADN202200000146','Explicabo nulla cum impedit est dolore est aliquid. Vero voluptatum saepe nisi adipisci voluptatem. Provident qui nihil qui modi aliquid. Unde ea voluptate aut voluptas.','STS001',4,'2023-10-08 17:52:23','2023-10-08 17:52:23',NULL),(147,'Mr.','Tyree Schmidt','CIT001','15112571','71010 Bailey Hill\nPort Nyasiashire, MA 22958-9660','Apt. 991','Apt. 790',8,22,'(714) 893-8603','toy72@example.net','ADN202200000147','Impedit quod aut nemo unde. Dolores quia aut facilis ratione laborum cupiditate. Sed est beatae culpa dolorum excepturi ut magnam. Et et quo rem enim. Qui amet minus pariatur quas omnis.','STS001',2,'2023-10-08 17:52:23','2023-10-08 17:52:23',NULL),(148,'Prof.','Cory Herman','CIT001','45776301','38171 Sadye Shoal\nBergstromfort, CT 20784-8136','Suite 454','Apt. 072',13,36,'+1-424-562-2181','hcole@example.com','ADN202200000148','Aut voluptate aut pariatur rerum. Consequatur ea veniam et vitae. Porro ut in provident et distinctio earum perferendis.','STS002',3,'2023-10-08 17:52:23','2023-10-08 17:52:23',NULL),(149,'Mrs.','Clovis Rice','CIT002','64134136','96301 Wisozk Mountain\nHobartview, KS 69663','Apt. 302','Apt. 434',5,13,'+1 (956) 818-7193','conroy.harold@example.org','ADN202200000149','Quia maiores dolorem aperiam consequatur. Fugiat est exercitationem quasi. Occaecati repellendus ex quo qui id. Qui a voluptas corrupti et omnis quos.','STS002',1,'2023-10-08 17:52:23','2023-10-08 17:52:23',NULL),(150,'Dr.','Herminio Hintz I','CIT002','51766443','6098 Ron Mountain\nRueckerstad, MT 46764-0932','Suite 318','Apt. 105',10,27,'(567) 683-9130','vmueller@example.org','ADN202200000150','Unde quasi voluptatibus molestias omnis. Et voluptatem dolor porro quasi quod sint. Facere quam minima et provident maxime.','STS002',4,'2023-10-08 17:52:23','2023-10-08 17:52:23',NULL),(151,'Prof.','Anais Lueilwitz II','CIT002','96985379','977 Virgie Isle Apt. 236\nMatteostad, VT 97123-1849','Suite 543','Suite 018',2,4,'+1.361.228.0205','loyal.leuschke@example.org','ADN202200000151','Pariatur voluptates nulla provident tenetur voluptas ipsa. In perspiciatis fuga in rerum ut accusamus. Ex quas ad vel quo quos. Enim qui eaque sed aspernatur quis doloribus.','STS001',2,'2023-10-08 17:52:23','2023-10-08 17:52:23',NULL),(152,'Mr.','Carlie Hauck','CIT002','69424204','6460 Cronin Parks Apt. 900\nKirlinfort, IA 96752','Apt. 745','Apt. 725',7,19,'+1 (517) 772-4509','hauck.trever@example.org','ADN202200000152','Aliquid incidunt assumenda eum consequatur omnis eum esse. Voluptas ratione error est sit. Voluptatem delectus perspiciatis vero corporis. Deleniti dolores placeat eum sit.','STS001',4,'2023-10-08 17:52:23','2023-10-08 17:52:23',NULL),(153,'Ms.','Esteban Reynolds','CIT001','98021215','21169 Kaleb Road\nConsueloport, TX 68831-0312','Apt. 962','Apt. 699',3,7,'+1-480-759-6430','liana25@example.net','ADN202200000153','Asperiores dolorem facere eius deserunt sint repudiandae ex. Ut velit praesentium aliquid. Et consequatur quis facere fugit.','STS002',3,'2023-10-08 17:52:23','2023-10-08 17:52:23',NULL),(154,'Mr.','Myah Dare','CIT001','77711828','200 Homenick Creek Apt. 505\nNikkoton, AZ 71793','Apt. 588','Suite 255',11,30,'1-956-257-6753','ed.torphy@example.net','ADN202200000154','Quo fugit officiis ut aspernatur sit nam illum. Mollitia est corporis est ea rerum minima commodi. Aut at aut blanditiis dolor quaerat. Non quas aliquid omnis animi.','STS001',2,'2023-10-08 17:52:23','2023-10-08 17:52:23',NULL),(155,'Ms.','Ashton Klocko','CIT002','46198622','70094 Amya Route Apt. 616\nKuhnside, GA 58622','Suite 529','Apt. 074',3,7,'+1-832-462-0064','herzog.peggie@example.com','ADN202200000155','Nam ut inventore placeat et quaerat unde velit. Maiores sunt repellendus velit quos facere quas. Rem atque velit et rem molestiae. Molestiae quisquam quibusdam voluptas dolores sapiente sit.','STS001',1,'2023-10-08 17:52:23','2023-10-08 17:52:23',NULL),(156,'Dr.','Tillman Boehm','CIT001','9715351','184 Jeremy Mill\nEast Mossieborough, MS 55766','Suite 177','Apt. 227',13,36,'+1.352.864.3072','mae.wuckert@example.org','ADN202200000156','Voluptatem quia placeat sapiente. Temporibus nisi soluta quis quam debitis modi ea. Dolores maiores qui veritatis dolorem et magnam. Non culpa nemo mollitia. Odit porro eum dignissimos reprehenderit.','STS002',4,'2023-10-08 17:52:23','2023-10-08 17:52:23',NULL),(157,'Prof.','Danielle Ondricka','CIT002','12701600','5187 Marielle Mountain\nWest Winston, AZ 23189-7306','Apt. 505','Suite 200',3,7,'(864) 672-4333','markus98@example.net','ADN202200000157','Non est maxime accusantium. Quia sunt quae dignissimos illum quo eum. Autem nesciunt dolor quibusdam rerum. At alias in commodi.','STS002',4,'2023-10-08 17:52:23','2023-10-08 17:52:23',NULL),(158,'Mr.','Eulah Lebsack','CIT001','98065246','38353 Carmen Manor Suite 316\nMackenzietown, UT 08307-3465','Apt. 688','Suite 246',2,4,'1-518-443-1982','murphy.ethyl@example.com','ADN202200000158','Dicta dolorem dolores sequi commodi sapiente. Sunt et repellendus unde at iste.','STS001',2,'2023-10-08 17:52:23','2023-10-08 17:52:23',NULL),(159,'Dr.','Polly Kassulke','CIT002','5939949','304 Zboncak Forge\nWest Zora, NJ 05966','Suite 493','Suite 690',1,1,'+19384483414','mcruickshank@example.org','ADN202200000159','Ut similique rerum nisi nesciunt. Quis iure facilis saepe et. Quod sed beatae at magni.','STS001',3,'2023-10-08 17:52:23','2023-10-08 17:52:23',NULL),(160,'Dr.','Prof. Christ Schroeder III','CIT001','58052654','1900 Xzavier Wells Suite 063\nNew Cassidyshire, HI 12345-7459','Apt. 684','Suite 370',2,4,'218-217-7092','braun.jacynthe@example.com','ADN202200000160','Tenetur quia quis doloremque et enim. Et consequuntur asperiores quia quidem. Laudantium qui magnam sunt nam qui ea. Facere ut ea repellendus omnis et perspiciatis.','STS002',2,'2023-10-08 17:52:23','2023-10-08 17:52:23',NULL),(161,'Mrs.','Jensen Legros III','CIT002','57921818','64785 Murazik Throughway Apt. 800\nWest Lucie, CT 17019-4292','Apt. 543','Apt. 604',13,36,'+1 (629) 553-6118','thalia74@example.com','ADN202200000161','Alias voluptatibus temporibus minus rerum. Dolore officiis non provident esse eaque tempora voluptatem sit. Facilis corporis voluptas commodi magni ut incidunt illo rem.','STS002',2,'2023-10-08 17:52:23','2023-10-08 17:52:23',NULL),(162,'Dr.','Dewayne Berge','CIT002','87986188','675 Fadel Plains Apt. 118\nColestad, MD 88853-4403','Apt. 465','Apt. 088',4,10,'1-786-590-6087','koch.aliza@example.net','ADN202200000162','Aliquid et quo ut qui voluptates hic. Eveniet laudantium ullam sequi consectetur tenetur non. Voluptatum sint dignissimos in dolor est sint.','STS001',3,'2023-10-08 17:52:23','2023-10-08 17:52:23',NULL),(163,'Dr.','Dr. Liza Franecki I','CIT001','6088796','275 Nia Isle Suite 304\nLake Gordontown, SD 58229','Apt. 171','Apt. 221',5,13,'+13477145613','willow46@example.com','ADN202200000163','Id qui enim libero corrupti. Dicta voluptatem exercitationem illum ex cumque quo aliquid. Exercitationem repudiandae ex aspernatur autem tempore similique.','STS001',2,'2023-10-08 17:52:23','2023-10-08 17:52:23',NULL),(164,'Prof.','Chyna Miller','CIT001','67039119','43290 Camila Mews Apt. 935\nEast Camryn, DE 51051','Suite 107','Suite 719',2,4,'+12833299921','fisher.eliseo@example.net','ADN202200000164','Ut optio voluptatem expedita impedit sequi magni illo et. Eveniet aperiam dicta culpa facilis repudiandae provident non. Laborum nesciunt culpa aliquid minima rerum expedita expedita deserunt.','STS002',2,'2023-10-08 17:52:23','2023-10-08 17:52:23',NULL),(165,'Dr.','Herminia Dietrich','CIT001','81244689','13989 Daugherty Valley Suite 918\nWest Jeramieshire, SC 72715-3283','Suite 143','Apt. 210',4,10,'615.213.0388','caroline.towne@example.com','ADN202200000165','Quam in et animi. Tempore aliquid qui excepturi nobis totam quas aspernatur commodi. Est repellat reiciendis et qui sapiente voluptas.','STS001',4,'2023-10-08 17:52:23','2023-10-08 17:52:23',NULL),(166,'Mrs.','Sid Farrell','CIT002','5206408','40495 Myrna Rue\nSouth Adan, WY 06162','Suite 752','Suite 848',3,7,'(865) 498-5914','harber.lenna@example.org','ADN202200000166','Consequatur iste vel doloribus numquam odit. Nobis corporis ut sit aut.','STS002',3,'2023-10-08 17:52:23','2023-10-08 17:52:23',NULL),(167,'Dr.','Mr. Fern Ledner','CIT001','32308005','70690 Padberg Rapid\nBlockchester, CO 83346','Suite 120','Apt. 172',5,13,'+1.313.400.2280','eroberts@example.org','ADN202200000167','Ad consequuntur doloribus consectetur rerum. Et quia velit quisquam sit consequuntur. Natus perspiciatis exercitationem optio sed ratione sit qui inventore.','STS001',1,'2023-10-08 17:52:23','2023-10-08 17:52:23',NULL),(168,'Dr.','Marcelo Feil','CIT001','89171085','6584 Danny Street Suite 536\nHyattberg, IN 92021-6187','Apt. 730','Suite 276',5,13,'+1-661-719-3142','isaac60@example.org','ADN202200000168','Ea nihil nihil itaque corrupti odio. Incidunt amet quibusdam sint omnis. Rerum dolorem excepturi voluptate. Iusto deleniti omnis ut maxime sunt.','STS002',3,'2023-10-08 17:52:23','2023-10-08 17:52:23',NULL),(169,'Miss','Petra Miller','CIT001','87085783','45509 Rolfson Loop\nElbertview, IN 40740','Apt. 111','Apt. 206',5,13,'+1-714-773-9164','conor49@example.org','ADN202200000169','Sequi unde maxime necessitatibus animi. Et eum possimus dolores aliquam voluptas distinctio quia.','STS002',1,'2023-10-08 17:52:23','2023-10-08 17:52:23',NULL),(170,'Mr.','Brycen O\'Keefe','CIT001','72738834','1288 Juston Manor Suite 098\nNew Hettiefurt, TN 48607-0978','Apt. 726','Suite 012',10,27,'+17256618431','violette.frami@example.net','ADN202200000170','Est dolorem veritatis inventore ut repellat. Aut assumenda ratione eum expedita.','STS001',4,'2023-10-08 17:52:23','2023-10-08 17:52:23',NULL),(171,'Prof.','Roberto Eichmann MD','CIT002','98755379','8419 Jonathon Plaza Apt. 036\nKeelingville, IL 18870','Suite 087','Suite 098',6,16,'+1-276-939-6076','yundt.lindsay@example.com','ADN202200000171','Unde dolores minus ducimus quo id cum beatae. Odio quia praesentium qui earum. Fugiat sit fugit ea autem. Incidunt ut sed neque reprehenderit nostrum quis similique veniam.','STS002',3,'2023-10-08 17:52:23','2023-10-08 17:52:23',NULL),(172,'Mr.','Mrs. Joanie Hodkiewicz','CIT001','77877701','210 Mariah Ville Apt. 490\nNew Edmond, MI 48118','Apt. 372','Suite 540',8,22,'+1 (813) 249-9169','novella95@example.net','ADN202200000172','Consectetur hic omnis omnis saepe ut ipsam rerum asperiores. Et ut a vel unde nam repudiandae.','STS002',5,'2023-10-08 17:52:23','2023-10-08 17:52:23',NULL),(173,'Miss','Kaylie Oberbrunner','CIT002','71979993','10831 Oleta Plaza Suite 395\nSouth Calista, AL 92454-6801','Apt. 453','Suite 067',9,25,'+1-234-428-6455','pfeffer.amelie@example.org','ADN202200000173','Ipsam doloremque qui voluptates et. Ratione quam optio neque voluptatum nulla in. Omnis placeat odio non a iste ea veritatis.','STS001',1,'2023-10-08 17:52:23','2023-10-08 17:52:23',NULL),(174,'Dr.','Mrs. Hope Ernser','CIT002','49402089','182 Borer Villages\nNew Alivia, SD 79520-1405','Apt. 299','Apt. 327',9,25,'(262) 980-3236','ortiz.lea@example.com','ADN202200000174','Molestiae reiciendis voluptate est cupiditate. Tempora distinctio ab molestiae atque cupiditate aut. Animi nostrum sint ab aut. Quasi reprehenderit non impedit accusamus ut.','STS001',3,'2023-10-08 17:52:23','2023-10-08 17:52:23',NULL),(175,'Dr.','Mr. Amparo Lang','CIT001','33480770','801 Dashawn View Suite 692\nLuigihaven, FL 58176-6109','Apt. 967','Suite 632',5,13,'267-931-5539','ikutch@example.org','ADN202200000175','Aut est natus quis ea voluptatibus. Qui fugit sit eos repudiandae. Soluta consequuntur quisquam fugiat ut earum voluptas. Libero est ut illum pariatur aliquam molestiae fugiat.','STS001',3,'2023-10-08 17:52:23','2023-10-08 17:52:23',NULL),(176,'Dr.','Donnell Wilderman','CIT002','82355675','442 Hickle Unions\nLake Sheaside, MA 95533','Apt. 634','Suite 629',1,1,'986-309-7203','mike.heathcote@example.org','ADN202200000176','Nemo voluptatibus vel aperiam nemo. Voluptatem excepturi perspiciatis eos mollitia quo. Esse tempora cum ipsam.','STS001',2,'2023-10-08 17:52:23','2023-10-08 17:52:23',NULL),(177,'Dr.','Flavie Bednar','CIT002','17876125','97763 Schamberger Throughway Apt. 161\nNorth Roselyn, OK 65915','Apt. 770','Suite 817',13,36,'+1 (283) 707-9615','omclaughlin@example.org','ADN202200000177','Deleniti laborum quia sit placeat quis voluptatem. Quia et ab eum. Accusantium distinctio at iusto asperiores mollitia ut excepturi.','STS002',4,'2023-10-08 17:52:23','2023-10-08 17:52:23',NULL),(178,'Mrs.','Miss Minnie Hansen','CIT002','24709027','4003 Corkery Plaza Apt. 759\nSouth Burleyfort, RI 52391-7339','Suite 052','Apt. 717',5,13,'+1-574-581-8191','pweissnat@example.com','ADN202200000178','Ipsa inventore incidunt labore eum voluptas adipisci. Et sit tenetur dolores eos voluptatem omnis quod placeat. Consequatur quia illum facilis eaque.','STS001',1,'2023-10-08 17:52:23','2023-10-08 17:52:23',NULL),(179,'Prof.','Mr. Colten Connelly','CIT002','74593976','9810 Maybell Spring\nRaynortown, DC 51319','Apt. 540','Suite 374',8,22,'564.727.5681','jasmin.frami@example.org','ADN202200000179','Rerum rerum ut ut numquam nihil ea. Velit aut totam sed et vel.','STS002',2,'2023-10-08 17:52:23','2023-10-08 17:52:23',NULL),(180,'Mr.','Miss Natasha Champlin','CIT001','94404007','1073 Maybell Lights Suite 074\nOliverport, IN 10659-5720','Apt. 025','Suite 679',2,4,'+1-234-345-7433','okuneva.jamel@example.com','ADN202200000180','Aut aut commodi tempora odit voluptatem enim fuga velit. Dignissimos maxime laboriosam quam perspiciatis porro. Eum totam quibusdam rerum similique et cumque nostrum.','STS001',5,'2023-10-08 17:52:23','2023-10-08 17:52:23',NULL),(181,'Dr.','Berniece Hamill III','CIT002','12476350','155 Miguel Burg\nLorenzmouth, CT 22664-4561','Suite 390','Suite 318',2,4,'+1.862.516.1606','jeanette.schuppe@example.com','ADN202200000181','Voluptatem at qui aut vel doloremque dolores sed. Optio adipisci qui explicabo nam nisi ipsam et. Recusandae sapiente dignissimos aperiam ab aut. Similique eligendi totam magnam aperiam dolor velit.','STS002',5,'2023-10-08 17:52:23','2023-10-08 17:52:23',NULL),(182,'Ms.','Anissa Ankunding','CIT001','41215878','6306 Stokes Curve Suite 283\nAdelineside, NY 39202-9200','Suite 594','Apt. 991',5,13,'551.652.4473','elinore.greenholt@example.net','ADN202200000182','Soluta qui cupiditate ipsa molestiae et et et. Voluptatem nulla sit laborum vero debitis eum veniam. Repellat porro perspiciatis ea in.','STS001',4,'2023-10-08 17:52:23','2023-10-08 17:52:23',NULL),(183,'Prof.','Omer Brekke','CIT002','55830969','502 Schiller Courts\nBergstromport, CO 43211','Suite 558','Suite 624',8,22,'930.286.6471','conroy.nayeli@example.org','ADN202200000183','Qui voluptate qui similique nobis aut et. Sint quasi facilis nobis ea optio assumenda.','STS002',4,'2023-10-08 17:52:23','2023-10-08 17:52:23',NULL),(184,'Mr.','Ms. Madie Rippin','CIT002','70903053','41090 Joanny Field\nCelestinechester, MS 90783','Suite 787','Suite 362',7,19,'703.994.7815','emerald.tillman@example.com','ADN202200000184','Inventore recusandae minus illum culpa rerum est. Nam non maiores et neque asperiores. Cumque odio ipsum ea ea.','STS002',2,'2023-10-08 17:52:23','2023-10-08 17:52:23',NULL),(185,'Miss','Layne Beatty','CIT002','6585028','461 Brittany Roads Suite 265\nWest Shemar, HI 71283-5663','Suite 719','Suite 342',8,22,'+1-657-479-1103','hayes.abel@example.com','ADN202200000185','Molestiae voluptatum sit ut. Enim a aspernatur molestias accusantium. Iste sequi autem at ut vel est. Deleniti voluptate veniam nulla et.','STS002',2,'2023-10-08 17:52:23','2023-10-08 17:52:23',NULL),(186,'Dr.','Quinton Kertzmann','CIT001','14345490','6332 Fatima Flat Apt. 984\nMeganehaven, IN 60763-9984','Apt. 807','Apt. 751',4,10,'512-724-9135','cleve.funk@example.org','ADN202200000186','Sunt laborum ut fugiat voluptatem recusandae quo. Doloremque quia et quia alias illo aperiam maxime. Odit dolores error blanditiis repellendus sapiente autem.','STS002',3,'2023-10-08 17:52:23','2023-10-08 17:52:23',NULL),(187,'Ms.','Dr. Melvina Runte','CIT002','59388655','83669 Christiansen Forks\nPadbergfort, MN 14856-1151','Apt. 253','Suite 950',10,27,'347.380.2841','rylee.hodkiewicz@example.net','ADN202200000187','Hic sint culpa laudantium est itaque quas. Et omnis ex quas cupiditate non maiores assumenda. Quia quis dicta excepturi quibusdam placeat voluptatem et. Ab aut et dolore voluptatem labore.','STS002',2,'2023-10-08 17:52:23','2023-10-08 17:52:23',NULL),(188,'Dr.','Zoila Glover','CIT002','82928398','625 Langosh Plains Suite 142\nLakinton, OK 44043-3019','Apt. 815','Apt. 104',6,16,'+1.351.977.6554','herman.jeanette@example.net','ADN202200000188','Magnam et et voluptas earum facilis nobis. Quas et nam modi. Illo est quia et illum.','STS002',2,'2023-10-08 17:52:23','2023-10-08 17:52:23',NULL),(189,'Miss','Mabelle Kautzer','CIT001','25945676','37411 Amelia Walk\nJenkinshaven, UT 17806','Suite 138','Suite 267',6,16,'+1-845-392-6355','lavern23@example.org','ADN202200000189','Sequi adipisci id nobis sint qui ut. Quia sed qui a fugiat earum optio in voluptates. Quibusdam dolorum rem inventore ut. Aperiam qui corrupti molestias eos id.','STS001',4,'2023-10-08 17:52:23','2023-10-08 17:52:23',NULL),(190,'Mr.','Mauricio Champlin','CIT002','43558325','43185 Ondricka Meadow\nDenesikville, SC 42974','Apt. 800','Apt. 044',6,16,'+1 (951) 642-5047','zheidenreich@example.net','ADN202200000190','Itaque accusantium qui animi architecto provident aut rerum autem. Hic nulla optio iusto aut ut. Sit itaque porro corrupti iste necessitatibus consequuntur.','STS002',3,'2023-10-08 17:52:23','2023-10-08 17:52:23',NULL),(191,'Mr.','Mr. Jessie Langosh Jr.','CIT002','11148185','425 Alyce Camp Suite 288\nNew Breannahaven, CT 34101-5743','Apt. 670','Suite 548',13,36,'(534) 221-0514','coby.little@example.net','ADN202200000191','Aperiam non minus tempora fugiat et optio numquam. Molestiae doloremque voluptatem beatae at in et laborum.','STS002',5,'2023-10-08 17:52:23','2023-10-08 17:52:23',NULL),(192,'Dr.','Reina Kuhn','CIT001','18279542','60286 Susana Villages\nLake Tiffanymouth, NH 36390-7484','Apt. 666','Apt. 602',11,30,'1-252-509-9336','greta82@example.org','ADN202200000192','Iste ea saepe est ut impedit et sequi. Explicabo eum qui voluptas saepe. Ex voluptatem iste eligendi non molestias sed.','STS002',3,'2023-10-08 17:52:23','2023-10-08 17:52:23',NULL),(193,'Dr.','Newton Herzog','CIT001','36036871','245 Lottie Mills\nSchmelermouth, AZ 01081','Apt. 024','Suite 362',5,13,'470.373.5578','eudora70@example.com','ADN202200000193','Architecto incidunt alias doloribus aut delectus. Soluta debitis officia laborum assumenda illo quidem. Ut culpa accusamus distinctio quos.','STS002',5,'2023-10-08 17:52:23','2023-10-08 17:52:23',NULL),(194,'Dr.','Mr. Vern Auer','CIT002','58050516','19131 Amaya Path Suite 349\nDanikashire, LA 21879','Suite 130','Suite 520',3,7,'(747) 284-6118','mgusikowski@example.net','ADN202200000194','Vel cupiditate dolores architecto sunt est eum. Non ipsum aliquid blanditiis dolores qui molestiae voluptas consequatur. Corrupti illum ratione et est.','STS001',4,'2023-10-08 17:52:23','2023-10-08 17:52:23',NULL),(195,'Mr.','Hazel Steuber','CIT002','48195523','1846 Hansen Harbor\nSouth Haskellchester, KS 79754-1181','Suite 186','Apt. 217',9,25,'424.577.7125','leanne.halvorson@example.org','ADN202200000195','Dignissimos quod voluptatem quis blanditiis et. Reprehenderit neque doloremque non. Eos consequatur rerum est illum aut debitis. Numquam quaerat laborum et nesciunt accusamus fugit eos.','STS001',3,'2023-10-08 17:52:23','2023-10-08 17:52:23',NULL),(196,'Ms.','Lonzo Haag','CIT002','43839520','147 Linnie Heights\nLake Efrainfurt, OR 05484','Apt. 894','Suite 032',10,27,'904-440-5895','phyllis69@example.com','ADN202200000196','Fugiat sunt aut perspiciatis numquam et laborum. Tempore rerum amet quos est quis eveniet repudiandae. Laudantium veniam ullam aperiam et at.','STS002',5,'2023-10-08 17:52:23','2023-10-08 17:52:23',NULL),(197,'Mr.','Torrey Leuschke','CIT002','96098032','601 Jeremie Inlet Apt. 218\nHegmannhaven, FL 45282-1247','Suite 994','Suite 623',1,1,'(605) 552-1428','schmidt.winona@example.com','ADN202200000197','Numquam quia praesentium aut quo quae labore excepturi. Aliquid nulla ut quia dolores sint et. Explicabo deleniti voluptatem eius maiores delectus praesentium beatae.','STS001',3,'2023-10-08 17:52:23','2023-10-08 17:52:23',NULL),(198,'Miss','Dr. Maribel Adams','CIT001','38288179','285 Graham River Suite 394\nNorth Quintenburgh, AR 81397','Suite 088','Apt. 988',11,30,'(567) 422-3342','kshlerin.kacie@example.com','ADN202200000198','Est nihil autem quia sint quidem. Est debitis ratione cum aut voluptatem quis sed. Dolore ab non ut excepturi deleniti occaecati esse.','STS001',3,'2023-10-08 17:52:23','2023-10-08 17:52:23',NULL),(199,'Mr.','Gabriel Mills I','CIT002','49710715','806 DuBuque Glens\nSouth Daphneborough, IL 93269','Suite 329','Apt. 358',7,19,'+1-612-653-0730','mara33@example.org','ADN202200000199','Nostrum exercitationem numquam possimus. Quos rerum quas quod. Praesentium ex eveniet aliquam sunt. Nobis vitae quas qui quae aut quo cumque.','STS002',2,'2023-10-08 17:52:23','2023-10-08 17:52:23',NULL),(200,'Prof.','Caterina Schimmel','CIT002','85559640','38179 Dach Glens\nEmeraldborough, TN 50237-7785','Apt. 264','Suite 622',2,4,'351-671-0532','buster.fadel@example.net','ADN202200000200','Amet eum dolores repudiandae ducimus repellat quia sunt. Aut excepturi rerum dolorem est quos. Et voluptate qui voluptatibus assumenda.','STS002',1,'2023-10-08 17:52:23','2023-10-08 17:52:23',NULL),(201,'Prof.','Prof. Rollin Cronin','CIT002','47197536','33645 Ebert Points\nBonnieshire, CA 53776-2760','Suite 545','Apt. 187',3,7,'+16818299517','goldner.elizabeth@example.com','ADN202200000201','Qui error deserunt aliquid dolor. Blanditiis deserunt ipsum porro perferendis sequi. Est nihil placeat laboriosam earum et.','STS001',2,'2023-10-08 17:52:23','2023-10-08 17:52:23',NULL),(202,'Mrs.','Eula Bahringer DVM','CIT002','87787564','667 Janelle Inlet\nOndrickaland, NC 51851','Apt. 117','Suite 788',8,22,'+1 (812) 760-4419','hane.jonathon@example.net','ADN202200000202','Aliquid quo quas eius est sint. Vero sunt sequi pariatur aut. Expedita itaque culpa assumenda. Omnis in repellat sit qui maxime distinctio. Aut ipsam qui harum molestiae. Rerum error non maiores.','STS001',1,'2023-10-08 17:52:23','2023-10-08 17:52:23',NULL),(203,'Ms.','Damaris Bayer','CIT002','25850800','2925 Kunze Route Apt. 164\nKaceybury, OK 84153','Apt. 165','Apt. 611',1,1,'718-713-5451','eli58@example.org','ADN202200000203','Blanditiis non quibusdam eius ipsam voluptatem recusandae doloribus. Quia similique sit natus dolores est. Eveniet cupiditate deserunt et.','STS002',4,'2023-10-08 17:52:23','2023-10-08 17:52:23',NULL),(204,'Prof.','Dallas Dooley','CIT001','4967958','3749 Robel Meadows Apt. 375\nNew Zoila, MT 87811','Suite 509','Apt. 719',4,10,'+1-248-702-6029','imoore@example.net','ADN202200000204','Ducimus recusandae alias dolorum fugit consequatur. Dolorem unde possimus unde sed error autem. Sit exercitationem omnis voluptatum nostrum iusto. Nobis ducimus sed pariatur animi sunt.','STS001',5,'2023-10-08 17:52:23','2023-10-08 17:52:23',NULL),(205,'Prof.','Prof. Ada McLaughlin PhD','CIT001','53391670','9347 Rudy Light Apt. 832\nNorth Wernerside, ND 49968','Apt. 955','Apt. 533',11,30,'+1.520.741.3857','dane81@example.com','ADN202200000205','Cupiditate sit fuga minima nemo dolor itaque numquam. Dolorem nobis a dicta est. Iste in velit aut fuga. Fuga magnam animi nihil.','STS001',3,'2023-10-08 17:52:23','2023-10-08 17:52:23',NULL),(206,'Mrs.','Prof. Elbert Grady DDS','CIT001','26315984','41842 Jacobson Oval\nAbetown, MN 98125-3127','Apt. 986','Apt. 101',9,25,'+19544848907','buckridge.rosendo@example.org','ADN202200000206','Dicta iste voluptatem consequatur omnis. Amet blanditiis nisi repellendus consequatur eos. Maiores ut qui laudantium velit earum id in ex.','STS001',5,'2023-10-08 17:52:23','2023-10-08 17:52:23',NULL),(207,'Dr.','Prof. Jaren Quitzon','CIT002','81612688','29314 Freddy Lock Apt. 040\nEast Eula, KS 24911','Apt. 565','Suite 604',4,10,'+1-308-703-7048','juanita31@example.com','ADN202200000207','Soluta voluptatem quo sed aut beatae in sit. Qui voluptatum nesciunt et est nulla officiis aut consequatur.','STS002',3,'2023-10-08 17:52:23','2023-10-08 17:52:23',NULL),(208,'Mrs.','Peyton Gorczany','CIT001','40213489','428 Batz Meadow Apt. 178\nPort Jamilchester, MI 52887-8668','Apt. 184','Apt. 583',2,4,'+1.660.768.2690','mullrich@example.net','ADN202200000208','Porro minima quis tempora quidem. Voluptas qui porro fugiat molestiae rerum. Illum laborum ex maiores laudantium ut. Non nemo optio quia voluptatem delectus quod.','STS002',2,'2023-10-08 17:52:23','2023-10-08 17:52:23',NULL),(209,'Prof.','Lenna Ratke','CIT001','74612363','7916 West Mission Apt. 080\nPort Rebeca, NJ 69367','Suite 090','Apt. 657',9,25,'+19096641021','lilyan.schamberger@example.net','ADN202200000209','Sit voluptas ipsum quasi qui. Voluptatem eum aut blanditiis nulla consequatur quam eveniet. Et quidem ea inventore suscipit soluta.','STS002',2,'2023-10-08 17:52:23','2023-10-08 17:52:23',NULL),(210,'Dr.','Prof. Mathilde Kuhlman Jr.','CIT001','47478001','441 Kassandra Road Suite 404\nNorbertmouth, AL 55935','Apt. 770','Suite 159',5,13,'(484) 437-9849','aschneider@example.com','ADN202200000210','Blanditiis velit id et necessitatibus. Non voluptatem voluptatem doloremque. Fugit id recusandae aliquam enim in.','STS002',1,'2023-10-08 17:52:23','2023-10-08 17:52:23',NULL),(211,'Dr.','Dawson Kohler','CIT002','72442992','459 Melba Road Suite 520\nSouth Hayley, CA 43294','Apt. 753','Apt. 953',10,27,'469-293-4786','verda31@example.com','ADN202200000211','Delectus quo soluta iure commodi unde enim. Rerum ipsam aliquam dolor accusantium sed. Ipsa odit ipsam molestiae amet minima.','STS001',2,'2023-10-08 17:52:23','2023-10-08 17:52:23',NULL),(212,'Miss','Dr. Cedrick Spinka','CIT002','96428500','86553 Breitenberg Pike Apt. 058\nWest Fanny, VT 88078','Apt. 419','Suite 037',8,22,'985.383.0409','alexandra21@example.net','ADN202200000212','Sunt ex deserunt est nisi dicta ut ab. Alias ipsa beatae aut qui nemo labore. Eaque ea dolorem praesentium doloribus quam molestiae. Excepturi eligendi delectus praesentium consequuntur optio.','STS002',1,'2023-10-08 17:52:23','2023-10-08 17:52:23',NULL),(213,'Miss','Jake Legros V','CIT001','10357215','19381 Americo Field\nBethmouth, MI 42170-8304','Suite 171','Apt. 674',3,7,'1-585-890-2037','gregg78@example.org','ADN202200000213','Earum et repellat unde officia nihil corrupti. Nostrum qui totam beatae impedit ea ea dolore. Veniam doloribus et sequi illo. Sunt quia praesentium voluptas distinctio fugit.','STS001',2,'2023-10-08 17:52:23','2023-10-08 17:52:23',NULL),(214,'Miss','Linnea Emmerich','CIT001','34352803','126 Deckow Groves\nNorth Marleyside, FL 73154-6073','Suite 899','Suite 972',13,36,'346-604-5370','yvonne.schmitt@example.net','ADN202200000214','Saepe ea dolore et id reprehenderit. Natus et nihil voluptatem et nam nostrum.','STS002',2,'2023-10-08 17:52:23','2023-10-08 17:52:23',NULL),(215,'Prof.','Prof. Priscilla Wiegand III','CIT002','46762423','521 Leuschke Vista Apt. 444\nEast Kane, CT 10860','Apt. 425','Apt. 636',5,13,'(270) 236-4506','klocko.destinee@example.net','ADN202200000215','Commodi deserunt accusantium voluptatem. Distinctio fugit sint aliquid qui facilis veritatis. Et ut sit molestiae occaecati ipsum mollitia sunt quas. Neque at sint ut tenetur voluptas ut.','STS002',2,'2023-10-08 17:52:23','2023-10-08 17:52:23',NULL),(216,'Prof.','Prof. Bell Boehm Sr.','CIT001','99715678','28880 Elenor Manors Suite 632\nTraceychester, VA 79178','Apt. 451','Apt. 695',9,25,'+18459398956','oliver84@example.org','ADN202200000216','Eos autem qui natus amet tenetur. Ipsa reprehenderit et sint fuga dignissimos qui. Harum iure magnam eius molestiae tenetur quae animi.','STS002',1,'2023-10-08 17:52:23','2023-10-08 17:52:23',NULL),(217,'Miss','Augusta Mertz','CIT002','16715947','669 Kemmer Junction Apt. 303\nNew Rosalialand, NE 94891-4129','Suite 356','Suite 353',12,33,'475-561-6946','rupert.ryan@example.net','ADN202200000217','Aut praesentium blanditiis dolorem dolore minima. Beatae recusandae labore asperiores similique qui sequi. Dolorum libero rerum voluptatem in velit quod quaerat est.','STS001',2,'2023-10-08 17:52:23','2023-10-08 17:52:23',NULL),(218,'Mr.','Charley Kunde','CIT001','32392224','681 Owen Fall Suite 934\nEast Jules, GA 04129','Apt. 543','Suite 129',2,4,'425-710-1367','zoconner@example.net','ADN202200000218','Ut quia earum nesciunt nihil quis. Ipsa quis impedit incidunt possimus. Ipsa sed molestias excepturi nam et perspiciatis. Quidem maxime maxime in asperiores.','STS002',2,'2023-10-08 17:52:23','2023-10-08 17:52:23',NULL),(219,'Mrs.','Erick Rempel','CIT001','48695570','7023 Carrie Mall\nWest Rex, NJ 23307','Suite 247','Suite 850',13,36,'475.347.4576','blick.providenci@example.org','ADN202200000219','Ut cumque rerum sunt culpa ad aperiam sed qui. Mollitia nisi quia ipsa molestiae. Quod provident error corporis. Autem iste quia quo amet aut voluptas necessitatibus.','STS002',1,'2023-10-08 17:52:23','2023-10-08 17:52:23',NULL),(220,'Mr.','Mr. Vito Shields','CIT001','83210723','610 Ariel Falls\nLake Ilaview, CA 81777','Apt. 856','Apt. 617',9,25,'(231) 245-5994','dietrich.deja@example.org','ADN202200000220','Eveniet eum blanditiis aut blanditiis suscipit. Aut eum similique sapiente commodi itaque. Voluptatem dicta dolorem impedit. Quo optio quia esse neque ut omnis quia.','STS002',4,'2023-10-08 17:52:23','2023-10-08 17:52:23',NULL),(221,'Mr.','Erik Romaguera','CIT001','87167024','4938 Hettie Drives Apt. 701\nKingchester, IL 84881-1248','Suite 043','Apt. 893',13,36,'+1-463-865-3750','rolando63@example.com','ADN202200000221','Ducimus vel quibusdam repellat ratione. Ea amet rerum in alias deserunt voluptas blanditiis. Neque repellendus inventore est delectus possimus. Quas velit et rem commodi recusandae asperiores omnis.','STS001',5,'2023-10-08 17:52:23','2023-10-08 17:52:23',NULL),(222,'Dr.','Bobbie Deckow','CIT001','51322573','45126 Estell Unions Suite 022\nWelchchester, HI 55520-7453','Suite 720','Apt. 129',3,7,'(562) 463-2770','mohammad.jaskolski@example.net','ADN202200000222','Consequuntur esse aut et molestiae dolor voluptas. Rem quaerat veniam a dolores quod ad repudiandae. Sit tempora nemo at ipsa.','STS002',1,'2023-10-08 17:52:23','2023-10-08 17:52:23',NULL),(223,'Miss','Malika Lakin','CIT002','93577719','94938 Bergnaum Oval Apt. 266\nNorth Gina, OR 55316-3432','Suite 807','Apt. 014',7,19,'+1 (458) 577-6930','oupton@example.org','ADN202200000223','Enim sequi cum animi deserunt tempore amet eaque. Nostrum consequuntur tempore magni possimus ad. Praesentium ipsam possimus ratione adipisci totam quis. Reprehenderit illum ullam quae.','STS001',4,'2023-10-08 17:52:23','2023-10-08 17:52:23',NULL),(224,'Dr.','Dr. Caleigh Lubowitz','CIT001','69412619','318 Alexandrea Mountain Apt. 803\nLake Brook, MT 18741','Suite 649','Suite 675',4,10,'1-540-349-2362','conn.niko@example.com','ADN202200000224','Illum optio vero eum nihil sint voluptatem et. Molestiae optio maiores repellat velit ad. Incidunt doloremque nostrum est nostrum omnis ea optio.','STS002',3,'2023-10-08 17:52:23','2023-10-08 17:52:23',NULL),(225,'Dr.','Jasen Upton','CIT002','86827359','355 Kassandra Mount\nNorth Jamal, AZ 99452-4532','Suite 190','Apt. 333',13,36,'240-365-2019','schroeder.antonina@example.com','ADN202200000225','Alias id vel labore velit. Tempora cum et doloribus vel velit corporis. Voluptates nisi incidunt quo occaecati.','STS001',3,'2023-10-08 17:52:23','2023-10-08 17:52:23',NULL),(226,'Dr.','Prof. Stephen Berge V','CIT002','32356839','9799 Berenice Parkway Apt. 682\nKochmouth, OH 88537','Apt. 248','Suite 346',5,13,'+1.734.573.7131','courtney.kuhn@example.org','ADN202200000226','Molestiae in ab exercitationem nihil enim in occaecati. Est sed aperiam consequatur dolores adipisci id. Itaque expedita sed qui sunt.','STS001',4,'2023-10-08 17:52:23','2023-10-08 17:52:23',NULL),(227,'Miss','Kiarra Bosco','CIT002','90114004','262 Wilmer Causeway Apt. 658\nWest Janae, SD 54638-1401','Apt. 976','Suite 969',10,27,'(838) 746-0641','stracke.nestor@example.org','ADN202200000227','Rerum maxime sed voluptatem. Quam est deleniti nesciunt earum saepe. Exercitationem blanditiis expedita dolorem. Asperiores omnis harum accusantium incidunt aliquid nulla.','STS002',3,'2023-10-08 17:52:23','2023-10-08 17:52:23',NULL),(228,'Dr.','Dr. Cecil Conroy','CIT002','75034761','78624 Freeman Rapids\nCaesarborough, ND 36448','Suite 088','Suite 354',10,27,'+1-703-338-5126','roman68@example.net','ADN202200000228','Voluptas sequi quibusdam perspiciatis dolorem odio velit fugit id. Eaque atque et eligendi voluptatem quia vero. Quos dolor assumenda eveniet aliquam. Ullam exercitationem optio vitae non.','STS002',2,'2023-10-08 17:52:23','2023-10-08 17:52:23',NULL),(229,'Dr.','Mrs. Rossie Koss I','CIT001','74189178','84038 Stephon Islands\nElissaburgh, CO 84976','Suite 115','Suite 916',2,4,'+1.801.631.2664','swhite@example.net','ADN202200000229','Ipsa et et ut sed sit deleniti hic. Voluptatem et debitis repellendus consequatur qui. Nemo eaque aut similique doloribus quo sint. Qui voluptatem praesentium sequi assumenda ut.','STS002',1,'2023-10-08 17:52:23','2023-10-08 17:52:23',NULL),(230,'Mrs.','Mr. Armando Runolfsdottir','CIT002','70587766','87279 Morar Park Apt. 371\nErinshire, ME 03250','Suite 091','Suite 202',12,33,'520-578-1817','kilback.hortense@example.net','ADN202200000230','Animi doloremque nemo autem quibusdam sequi quo. Consectetur consequatur quis voluptatem ut ut. Quam est quaerat facere quia non ullam. Iusto mollitia ut qui natus id. Qui ea iure beatae illum enim.','STS001',4,'2023-10-08 17:52:23','2023-10-08 17:52:23',NULL),(231,'Dr.','Agustina Lubowitz Jr.','CIT002','43833454','243 Alayna Falls Suite 051\nSouth Rylanhaven, OH 23087-4696','Suite 936','Apt. 148',12,33,'1-908-314-9054','greenholt.tomas@example.org','ADN202200000231','At voluptatem autem eius illum consequatur fugit. Dolor a deleniti vel recusandae ut deleniti. Voluptas autem et doloribus a voluptas amet. Dolorem quidem assumenda vitae earum dolores.','STS001',4,'2023-10-08 17:52:23','2023-10-08 17:52:23',NULL),(232,'Prof.','Milford Heathcote','CIT001','21725196','80926 Ruecker Village\nKrisborough, AZ 62419','Suite 195','Apt. 311',7,19,'1-218-592-7335','bennett.lockman@example.com','ADN202200000232','Necessitatibus sed iure odit. Ut praesentium quidem ipsum libero. Provident aspernatur quis molestiae accusantium asperiores. Esse provident nam aperiam dolorem sed aspernatur facilis.','STS001',5,'2023-10-08 17:52:24','2023-10-08 17:52:24',NULL),(233,'Mr.','Devin Botsford','CIT002','81853317','17268 Vandervort Parks\nLangport, MO 18007','Apt. 541','Suite 370',10,27,'1-318-719-6711','yundt.millie@example.com','ADN202200000233','Ut vel sit ad sunt quia. Illo officiis et exercitationem odio dolores nobis. Vero qui perferendis quos quia. Id libero dolores aut impedit dicta. Quo ut quae ipsa autem odit sunt. Qui at ut hic.','STS002',4,'2023-10-08 17:52:24','2023-10-08 17:52:24',NULL),(234,'Dr.','Giles Zemlak','CIT002','6791513','58727 Leonardo Extensions\nLake Jody, IA 04878','Apt. 067','Apt. 667',12,33,'+1-903-514-4610','zion76@example.org','ADN202200000234','Minima perferendis porro veniam voluptatibus sit consequatur. Exercitationem ut ut et nobis. Ullam ex nesciunt maxime consequuntur occaecati eos sit.','STS001',4,'2023-10-08 17:52:24','2023-10-08 17:52:24',NULL),(235,'Miss','Maurice Greenfelder','CIT001','89711016','41607 Robel Village Apt. 997\nJeremieborough, PA 50974','Suite 829','Suite 180',11,30,'346-217-1359','braun.ellis@example.org','ADN202200000235','Voluptas suscipit dolor laborum omnis. Cumque hic sed minus minima. Illum cupiditate quam voluptatem expedita qui. Velit exercitationem ullam animi voluptate quia delectus harum.','STS001',3,'2023-10-08 17:52:24','2023-10-08 17:52:24',NULL),(236,'Mrs.','Syble Denesik I','CIT002','83374634','80775 Streich Valley Suite 223\nSkileston, SC 17631','Suite 128','Suite 276',5,13,'+1 (773) 890-7846','tristin89@example.com','ADN202200000236','Ea deleniti consectetur sit eum rerum in ut. Eligendi exercitationem excepturi temporibus sequi. Nulla cum dolore ex alias id ut. Facilis quas voluptatum autem adipisci totam eveniet et aperiam.','STS002',4,'2023-10-08 17:52:24','2023-10-08 17:52:24',NULL),(237,'Prof.','Haskell Huel','CIT001','71583674','383 Robin Mews Apt. 046\nLuettgenbury, WA 33183','Suite 486','Suite 105',9,25,'561-979-6851','estell.kuphal@example.org','ADN202200000237','Officiis iusto deleniti dolore est consequuntur corrupti accusantium. Placeat vel beatae ullam quam sapiente. In eum qui quos quia qui ut ipsum. Neque necessitatibus sint rem accusantium sit.','STS001',1,'2023-10-08 17:52:24','2023-10-08 17:52:24',NULL),(238,'Mrs.','Mervin Donnelly III','CIT002','87774192','343 Vivienne Road Suite 011\nSouth Wilma, NC 03853-6597','Apt. 904','Apt. 045',10,27,'+1-574-343-5630','franecki.adam@example.com','ADN202200000238','Atque nobis a consectetur. Earum nemo rerum est harum quasi dolor est. Mollitia et ut inventore ut unde. Nam nobis qui expedita blanditiis optio. Sit dignissimos rem suscipit ducimus et omnis qui.','STS001',4,'2023-10-08 17:52:24','2023-10-08 17:52:24',NULL),(239,'Dr.','Kareem Beatty','CIT001','71410007','3061 Khalid Ville\nPort Nicholausberg, LA 14690-1467','Suite 749','Apt. 250',12,33,'+1 (828) 350-6568','emie.olson@example.net','ADN202200000239','Ut hic iste voluptas in. Quisquam quia quis debitis vel consequuntur. Consequatur soluta sint nulla voluptatibus quidem consequatur iure. Iste et ipsam ipsam.','STS001',3,'2023-10-08 17:52:24','2023-10-08 17:52:24',NULL),(240,'Ms.','Dr. Kiel Rath','CIT001','98862297','548 Khalil Highway\nOthochester, SD 34978','Suite 405','Apt. 129',13,36,'+1.541.876.5738','oconnell.yesenia@example.org','ADN202200000240','Possimus ut neque consectetur et maxime consequatur accusamus. Quas sint molestiae accusamus sed. Corrupti consequatur qui optio enim reiciendis voluptatem.','STS001',4,'2023-10-08 17:52:24','2023-10-08 17:52:24',NULL),(241,'Prof.','Hosea Rice','CIT002','42310691','496 Ziemann Squares Suite 724\nBayerville, VA 53963-6851','Suite 435','Suite 325',2,4,'+1-341-650-7201','msteuber@example.net','ADN202200000241','Sapiente qui cumque optio tempora. Labore in omnis id neque dolor voluptas. Natus dolorem beatae fugit molestiae odio magni voluptatum voluptatem. Accusamus provident voluptate cumque aut numquam.','STS002',4,'2023-10-08 17:52:24','2023-10-08 17:52:24',NULL),(242,'Dr.','Armani Friesen','CIT002','95874809','50011 Mueller Points\nNorth Lorastad, FL 79512-4617','Apt. 522','Apt. 133',1,1,'+17206871155','howe.hyman@example.com','ADN202200000242','Blanditiis numquam earum eum quia nobis perspiciatis. Adipisci explicabo iure ipsam velit. Qui consequatur est laudantium autem. Maxime et velit laudantium quisquam voluptas voluptatibus.','STS002',5,'2023-10-08 17:52:24','2023-10-08 17:52:24',NULL),(243,'Dr.','Kari West','CIT002','38855232','700 Schmeler Ports Apt. 396\nHestershire, CO 04023','Apt. 144','Suite 127',5,13,'+1-754-979-7009','joshuah79@example.com','ADN202200000243','Qui est voluptas illo ut. Voluptatem nemo ea et blanditiis iure. Eum accusantium quia rerum qui aut natus assumenda. Tempore sint qui libero et natus corporis. Id deserunt recusandae fugiat.','STS002',4,'2023-10-08 17:52:24','2023-10-08 17:52:24',NULL),(244,'Dr.','Sylvia Cronin I','CIT001','43598921','5716 Van Passage Suite 803\nNorth Zora, NV 20792','Apt. 472','Suite 381',5,13,'+1-510-557-6705','zackary.jenkins@example.com','ADN202200000244','Sit quia distinctio nostrum animi minima. Officia dolor iusto sed dolorem maxime.','STS002',1,'2023-10-08 17:52:24','2023-10-08 17:52:24',NULL),(245,'Prof.','Dr. Alana Abshire II','CIT001','79434691','70040 Emmie Light\nSouth Sierramouth, ME 48226','Suite 278','Apt. 267',4,10,'760.632.3952','rlesch@example.net','ADN202200000245','Fugiat laboriosam ut dolor. Debitis similique qui saepe error iure. Explicabo debitis quisquam quisquam voluptatem id.','STS001',3,'2023-10-08 17:52:24','2023-10-08 17:52:24',NULL),(246,'Dr.','Eric Volkman','CIT001','55950957','2891 Howe Roads Apt. 860\nMariahland, ND 30331','Apt. 656','Apt. 803',8,22,'+1.754.653.5961','jakayla71@example.com','ADN202200000246','Nam consequuntur et eos ad unde adipisci rerum natus. Ut rerum qui id accusantium consequatur quo. Reprehenderit maiores dolore totam repellendus.','STS002',5,'2023-10-08 17:52:24','2023-10-08 17:52:24',NULL),(247,'Dr.','Raymond Daniel','CIT001','67388773','8565 Grady Hill Suite 179\nLake Josiane, CT 06333-0662','Apt. 838','Suite 885',5,13,'(332) 601-3196','muller.brad@example.com','ADN202200000247','Aliquid magnam consequatur tenetur optio corporis. Amet quisquam error in earum quos ea. Natus veniam dicta neque est. Rem fugiat est velit iusto maiores.','STS001',5,'2023-10-08 17:52:24','2023-10-08 17:52:24',NULL),(248,'Mrs.','Marquise Heidenreich','CIT001','48895364','196 Rohan Grove\nDenesikhaven, MD 20950-9824','Suite 740','Apt. 318',11,30,'+12027545363','karley70@example.net','ADN202200000248','Ipsa quo soluta dolorem est velit eum. Magni expedita enim veritatis quia animi quia. Atque vel et fugiat ratione nesciunt. Quo et quia itaque non consequatur. Qui aut quisquam voluptatem fugit.','STS002',4,'2023-10-08 17:52:24','2023-10-08 17:52:24',NULL),(249,'Miss','Dr. Johnson Heaney','CIT002','15599147','359 Ladarius Creek Suite 489\nPagacberg, LA 41004','Apt. 348','Apt. 075',8,22,'727.392.2124','cecilia04@example.com','ADN202200000249','Molestiae neque qui eveniet. Fugiat iusto inventore cumque temporibus occaecati et nihil. Quam hic laborum omnis aut repellat.','STS001',2,'2023-10-08 17:52:24','2023-10-08 17:52:24',NULL),(250,'Ms.','Mr. Tyson Pfeffer I','CIT002','12762770','596 Laurine Walk Suite 186\nPort Dayton, ND 67444','Apt. 710','Suite 205',2,4,'(660) 698-6025','nathen22@example.net','ADN202200000250','Alias omnis ratione magnam aut odio corporis et. Provident nobis in ut accusamus possimus. Quis cumque culpa aut sunt ut quia. Eos cum et et sit minus labore provident perferendis.','STS001',2,'2023-10-08 17:52:24','2023-10-08 17:52:24',NULL),(251,'Ms.','Mandy Thiel','CIT001','32126103','83958 Toy Tunnel Apt. 038\nSouth Vivienside, TN 77865','Suite 354','Apt. 178',10,27,'+1.256.963.4463','kfay@example.net','ADN202200000251','Quia sint ea est possimus temporibus. Iste nam commodi consequuntur eum dolores accusantium occaecati. Deserunt unde et molestias earum qui.','STS001',1,'2023-10-08 17:52:24','2023-10-08 17:52:24',NULL),(252,'Mrs.','Coty Williamson','CIT002','75809943','96156 Nellie Run\nKeelymouth, MA 92111','Apt. 725','Suite 370',5,13,'631.522.1910','bernie.kozey@example.org','ADN202200000252','Omnis harum dolor et nam et. Enim commodi rerum voluptas sed nisi. Fugit explicabo et quod.','STS002',3,'2023-10-08 17:52:24','2023-10-08 17:52:24',NULL),(253,'Prof.','Ruthe Russel','CIT002','76934498','152 Courtney Dam\nPort Antonetta, CO 87998','Apt. 623','Suite 387',6,16,'385.659.3496','joyce.hintz@example.com','ADN202200000253','Est error excepturi consequatur aliquam. Minus ullam et veniam pariatur ipsam repellendus. Fuga doloribus consequatur aut illo odit itaque libero qui.','STS001',1,'2023-10-08 17:52:24','2023-10-08 17:52:24',NULL),(254,'Miss','Miss Elenora Hyatt DDS','CIT002','85933223','25085 Williamson Garden\nAbbeyton, CT 79962','Suite 551','Suite 732',5,13,'+16784543395','cledner@example.net','ADN202200000254','Iste reprehenderit id deleniti. In repellendus quam velit nulla ipsum explicabo non maiores. Ab quo asperiores et beatae. Exercitationem explicabo quia enim explicabo magnam.','STS002',3,'2023-10-08 17:52:24','2023-10-08 17:52:24',NULL),(255,'Prof.','Lila Huels','CIT002','98042293','750 Dicki Station\nPhyllisburgh, DE 57595-0460','Suite 118','Suite 482',5,13,'(602) 683-3032','pat.ziemann@example.com','ADN202200000255','Distinctio aut dolorum sint quae. Possimus eveniet est et quam. Similique quia ratione culpa sit. Officiis perspiciatis et fuga velit tenetur quis.','STS002',1,'2023-10-08 17:52:24','2023-10-08 17:52:24',NULL),(256,'Mrs.','Mrs. Irma Becker II','CIT002','48366303','3909 Hintz Plain Suite 427\nNew Emery, NJ 07892-7633','Suite 736','Suite 296',2,4,'689.492.9067','schuppe.christy@example.net','ADN202200000256','Aperiam nesciunt voluptatibus voluptate. Voluptas vel nemo et quia doloremque. Neque sequi enim tenetur eum debitis deleniti. Consequuntur odio et beatae aut soluta.','STS002',3,'2023-10-08 17:52:24','2023-10-08 17:52:24',NULL),(257,'Miss','Flossie Buckridge','CIT001','99625760','24008 Waters Stravenue Suite 650\nEast Adamview, KS 07941','Suite 108','Apt. 528',6,16,'+1-380-233-6069','schowalter.alexa@example.net','ADN202200000257','Quia aspernatur praesentium architecto aliquam totam. Eos eos et saepe. Est minima dolorum delectus qui nam quod perferendis. Doloremque iusto et illo possimus accusamus.','STS002',4,'2023-10-08 17:52:24','2023-10-08 17:52:24',NULL),(258,'Prof.','Michale Stroman','CIT002','43883556','32118 Gabrielle Plaza\nLake Sabinahaven, MN 08494-8426','Suite 455','Suite 112',6,16,'1-680-960-2369','oschaden@example.org','ADN202200000258','Est unde quas non distinctio odit hic. Autem mollitia illo voluptate doloremque. Et non quo dolorum asperiores et. Voluptates rerum laboriosam placeat eveniet adipisci.','STS001',1,'2023-10-08 17:52:24','2023-10-08 17:52:24',NULL),(259,'Prof.','Dr. Hubert Bauch','CIT002','54970554','5163 Russel Mews\nWest Kelvinside, NJ 40230','Suite 713','Suite 865',7,19,'+1 (913) 737-8210','fritsch.andrew@example.com','ADN202200000259','Sapiente hic quas quas dolorem consectetur. Quisquam provident quae odio. Sunt ab qui asperiores et asperiores voluptatem. Unde nam dolorem architecto voluptas.','STS002',4,'2023-10-08 17:52:24','2023-10-08 17:52:24',NULL),(260,'Mrs.','Mr. Keeley Beatty PhD','CIT001','50760207','12117 Heaney Trace Suite 540\nEast Clifton, WY 47007-2147','Apt. 314','Apt. 659',3,7,'(805) 590-2678','cassandra.ohara@example.net','ADN202200000260','Ex neque molestiae ducimus accusamus. Nisi neque optio aperiam tempora. Rerum tenetur illum omnis tenetur aut sed.','STS001',3,'2023-10-08 17:52:24','2023-10-08 17:52:24',NULL),(261,'Prof.','Madeline Beier','CIT002','35251968','584 Lindgren Cliffs\nNorth Glen, FL 56038','Suite 335','Suite 873',12,33,'+1-689-846-1123','arvilla.reichel@example.net','ADN202200000261','Architecto rerum ut qui error ab dolore est cum. Numquam nesciunt a nisi. Ratione earum vel sunt ipsa. Et labore voluptatem et voluptatem ipsa.','STS002',4,'2023-10-08 17:52:24','2023-10-08 17:52:24',NULL),(262,'Dr.','Harley Beatty','CIT001','31651847','230 Syble Groves\nNew Stanford, CA 24036-1088','Apt. 088','Apt. 622',8,22,'870-270-5824','vernice37@example.org','ADN202200000262','Odio nihil cum quia molestiae dolore magni. Laboriosam labore deserunt autem quae impedit et. Consequatur vel adipisci ipsa aut cupiditate rem.','STS001',2,'2023-10-08 17:52:24','2023-10-08 17:52:24',NULL),(263,'Miss','Rudolph Boyer','CIT002','15043761','3128 Kuvalis Turnpike Apt. 592\nNorth Elna, MN 32373-6625','Apt. 646','Apt. 485',7,19,'1-660-893-0131','jay75@example.org','ADN202200000263','Culpa animi hic dicta saepe minus qui distinctio. In inventore et id cumque eos repellat. Distinctio officiis dignissimos nisi qui.','STS002',1,'2023-10-08 17:52:24','2023-10-08 17:52:24',NULL),(264,'Prof.','Imani Schowalter','CIT001','23316356','827 Carlee Groves\nLangton, CT 01643-1843','Apt. 401','Apt. 953',3,7,'347.200.0586','kmante@example.net','ADN202200000264','Sequi laudantium necessitatibus autem est est. Non distinctio sint assumenda velit quos sit eaque. Possimus at ex eaque id aut.','STS002',5,'2023-10-08 17:52:24','2023-10-08 17:52:24',NULL),(265,'Prof.','Miss Valentine Lakin PhD','CIT002','78215015','363 Mann Terrace Apt. 782\nJewellville, AK 17455-5072','Apt. 726','Suite 425',4,10,'+1-539-899-7701','edd16@example.com','ADN202200000265','Ea beatae quisquam dolor et id ullam. Labore rerum quis numquam dolores quaerat. Quas ipsa nisi quasi est quis quo.','STS002',1,'2023-10-08 17:52:24','2023-10-08 17:52:24',NULL),(266,'Prof.','Miss Sarina Boyer','CIT001','10460360','22992 Graham Loaf\nNew Reagan, WV 18544-7048','Apt. 819','Suite 317',4,10,'+1-469-736-3556','nels40@example.com','ADN202200000266','Dolorem et sunt ea reprehenderit. Autem est quis a quibusdam. Rem enim adipisci iure soluta enim et. Reiciendis quia et in ut.','STS002',4,'2023-10-08 17:52:24','2023-10-08 17:52:24',NULL),(267,'Mr.','Martin Stark Jr.','CIT002','93650284','20822 Bergstrom Key\nWest Aliyaland, MN 04232','Suite 762','Suite 339',9,25,'559.342.2815','phyllis.schulist@example.com','ADN202200000267','Ipsam dolores corporis esse. Inventore et explicabo necessitatibus earum. Minus quisquam sed est aliquid eos incidunt. Illo rerum debitis dolor eligendi provident.','STS001',5,'2023-10-08 17:52:24','2023-10-08 17:52:24',NULL),(268,'Mrs.','Celestine Wilkinson','CIT001','93511404','364 Hickle Summit\nBrakusberg, MS 94115','Apt. 173','Suite 840',13,36,'+1-850-606-4363','candice.block@example.net','ADN202200000268','Hic ut dolores est. Ad nulla qui est vero animi quo facere eaque. Repellendus sapiente sed fugiat architecto. Ut illo delectus neque dicta.','STS002',3,'2023-10-08 17:52:24','2023-10-08 17:52:24',NULL),(269,'Prof.','Joshuah Frami','CIT001','77494636','298 Treva Ranch\nBinsview, SD 07037','Suite 282','Apt. 862',4,10,'1-469-207-1061','parmstrong@example.net','ADN202200000269','Harum magnam quia exercitationem necessitatibus blanditiis exercitationem. Consequatur voluptas optio omnis laborum.','STS001',4,'2023-10-08 17:52:24','2023-10-08 17:52:24',NULL),(270,'Dr.','Prof. Hailie Connelly V','CIT002','23448469','18199 Ephraim Heights Suite 303\nLake Kaelynfurt, MD 45586','Apt. 295','Apt. 960',13,36,'419-675-2928','shaun99@example.org','ADN202200000270','Nulla distinctio omnis similique est natus rerum. Esse voluptas ipsum et. Quia esse natus ut ut nulla.','STS001',2,'2023-10-08 17:52:24','2023-10-08 17:52:24',NULL),(271,'Prof.','Jayce Shanahan','CIT001','36961728','91438 Dare Plaza\nPort Karenport, GA 87719-6954','Apt. 222','Apt. 673',13,36,'(279) 429-9343','lucas50@example.com','ADN202200000271','Dolores tempora quisquam ea tenetur. Quia praesentium eligendi voluptates in architecto ut. Quos sit voluptas perspiciatis.','STS001',1,'2023-10-08 17:52:24','2023-10-08 17:52:24',NULL),(272,'Prof.','Mr. Fritz Kassulke','CIT001','79403742','72535 Clyde Canyon Suite 707\nHudsonmouth, DC 96816-3557','Suite 803','Suite 672',13,36,'(341) 216-7990','bernita.ziemann@example.com','ADN202200000272','Autem sint eligendi magnam. Qui quidem optio ut at omnis. Sequi dicta qui impedit non ut earum iure dolor.','STS002',1,'2023-10-08 17:52:24','2023-10-08 17:52:24',NULL),(273,'Miss','Vena Hansen','CIT002','36841348','5736 Elisa Trail\nEast Kayden, SD 19991','Suite 896','Apt. 822',8,22,'+1-269-931-8035','america.schoen@example.org','ADN202200000273','Nobis odit nostrum modi minus delectus eius amet. Quasi rem deleniti sed et asperiores voluptatem distinctio quas. Saepe rem omnis nihil molestiae qui voluptatem ut. Dicta quas at a aliquid minima.','STS002',3,'2023-10-08 17:52:24','2023-10-08 17:52:24',NULL),(274,'Mr.','Dora Gibson','CIT001','90097180','3238 Stroman Landing Suite 746\nLake Berthabury, MA 81784-0554','Apt. 103','Apt. 224',11,30,'(678) 868-5934','marlen90@example.com','ADN202200000274','Quo et in molestias similique et. In ex aut totam debitis. Quos consectetur a ut rerum quis sit qui. Expedita quis voluptatem officia perferendis doloremque.','STS002',1,'2023-10-08 17:52:24','2023-10-08 17:52:24',NULL),(275,'Dr.','Dulce Lebsack DDS','CIT001','37342005','141 Hyman Harbors Apt. 977\nPort Pamelafort, WA 83358-2164','Apt. 194','Apt. 298',13,36,'+1-863-803-1165','dschmidt@example.net','ADN202200000275','Itaque et ratione dolorem culpa amet nam quaerat. Voluptatem non alias quis error ex sit. Voluptatem dolorem nesciunt magni quo.','STS001',5,'2023-10-08 17:52:24','2023-10-08 17:52:24',NULL),(276,'Prof.','Cecil Abbott','CIT001','48141725','3979 Dustin Ridges\nSimonisburgh, DE 97122','Suite 437','Suite 481',7,19,'832.222.1057','nkirlin@example.org','ADN202200000276','Doloremque et eos libero doloribus voluptas. Perspiciatis voluptas unde repellat reiciendis aut magnam. Recusandae pariatur praesentium eos quae.','STS002',5,'2023-10-08 17:52:24','2023-10-08 17:52:24',NULL),(277,'Prof.','Miss Kylie Roberts Jr.','CIT001','29396372','8158 Pagac Squares\nNorth Clemmie, SD 96247','Apt. 608','Apt. 838',3,7,'+1-251-572-4545','roxanne72@example.org','ADN202200000277','Dolore magnam accusamus assumenda voluptate beatae a. Nemo et aut quos velit quaerat eos. Laborum sit culpa aliquid nobis qui ea quasi sint.','STS001',1,'2023-10-08 17:52:24','2023-10-08 17:52:24',NULL),(278,'Ms.','Haven Romaguera IV','CIT001','38909165','889 Rey Coves Apt. 393\nNorth Margret, PA 84522-9598','Apt. 745','Apt. 405',8,22,'+18317153994','nellie.kub@example.net','ADN202200000278','Fugit nulla hic corporis. Ipsam est quod architecto et at non ea. Id fuga necessitatibus molestiae qui consequuntur. Qui vel id eum ullam.','STS002',4,'2023-10-08 17:52:24','2023-10-08 17:52:24',NULL),(279,'Ms.','Andres Hirthe PhD','CIT001','19890488','403 Hills Circle\nRohanmouth, HI 65412','Apt. 994','Apt. 832',4,10,'+1-586-551-6101','alexandro66@example.org','ADN202200000279','Aperiam praesentium quo et aliquam provident esse natus sit. Perferendis quia voluptatem tempora. Quae quas voluptate aut error qui tempora.','STS002',3,'2023-10-08 17:52:24','2023-10-08 17:52:24',NULL),(280,'Prof.','Horacio Mohr','CIT002','49380365','884 Brakus Gardens Apt. 193\nToniside, WY 29617-5467','Suite 629','Suite 221',8,22,'910-381-7651','collins.linwood@example.com','ADN202200000280','Numquam et repellendus qui accusantium iure fugit quam. Ea eum aut saepe expedita repellendus ut pariatur.','STS002',1,'2023-10-08 17:52:24','2023-10-08 17:52:24',NULL),(281,'Mr.','Ms. Madelyn Hamill','CIT002','19180111','78164 Moore Corner\nHirtheland, CT 08045','Suite 454','Suite 290',2,4,'+1.218.650.6857','jthiel@example.net','ADN202200000281','Autem quia laboriosam sapiente neque non aut. Nihil libero sunt fuga iure.','STS001',1,'2023-10-08 17:52:24','2023-10-08 17:52:24',NULL),(282,'Mr.','Michele Schmitt','CIT001','86586927','9147 Marcelo Mountains Apt. 548\nPort Alexie, NY 82121-5219','Apt. 882','Suite 243',10,27,'+1 (689) 599-0493','lenny.rolfson@example.org','ADN202200000282','Earum illum in saepe facilis nobis enim tenetur. Voluptatum enim molestiae et voluptate. Repellendus recusandae consequatur odio velit dicta rerum.','STS002',5,'2023-10-08 17:52:24','2023-10-08 17:52:24',NULL),(283,'Prof.','Prof. Lucile Gutmann III','CIT002','42039118','8164 Maryse Viaduct Suite 771\nUptonport, HI 88345','Suite 324','Suite 641',8,22,'1-240-864-7040','maxie.lowe@example.org','ADN202200000283','Rerum cumque optio ut fugiat qui. Ducimus sint tenetur asperiores qui omnis autem aliquam. Nobis incidunt dolores cupiditate sint voluptatibus autem.','STS001',2,'2023-10-08 17:52:24','2023-10-08 17:52:24',NULL),(284,'Ms.','Maci Nikolaus','CIT001','65112203','2281 Berge Camp Suite 125\nHermistonshire, CO 62882-5677','Apt. 850','Apt. 844',4,10,'878.330.6891','francesca92@example.net','ADN202200000284','Facere ut et nostrum aut commodi. Numquam excepturi aut perspiciatis quae. Laboriosam modi pariatur repudiandae qui expedita voluptas. Est quis quia nihil amet.','STS002',3,'2023-10-08 17:52:24','2023-10-08 17:52:24',NULL),(285,'Dr.','Landen Goldner','CIT002','79292562','87099 Laurel Point\nJacemouth, CO 95763','Suite 195','Suite 295',11,30,'+18186966393','jeanette94@example.com','ADN202200000285','Ratione doloremque laudantium sunt doloribus eum ut voluptatibus. Necessitatibus id quod possimus debitis nostrum. Ullam odio omnis a sit.','STS001',4,'2023-10-08 17:52:24','2023-10-08 17:52:24',NULL),(286,'Miss','Avery Armstrong','CIT001','63872107','47352 Kiley Centers\nFaheyfurt, MS 67628-3833','Apt. 518','Suite 892',2,4,'+17249553308','walker.tiana@example.org','ADN202200000286','Velit ipsa est placeat temporibus id alias harum. A iste facere molestiae porro sequi sequi aliquam. Ut praesentium dolores neque quae dolorem. Ratione atque recusandae officia ipsum occaecati enim.','STS002',1,'2023-10-08 17:52:24','2023-10-08 17:52:24',NULL),(287,'Prof.','Cyrus O\'Connell','CIT002','45988461','4121 Lubowitz Rue Apt. 152\nSusannabury, NY 40822-0005','Suite 734','Apt. 985',8,22,'216.974.8037','nhane@example.net','ADN202200000287','Ullam officia sed odit illum rerum rerum occaecati illo. Est unde aut ipsa. Ut velit officia ut iure delectus dolor.','STS001',5,'2023-10-08 17:52:24','2023-10-08 17:52:24',NULL),(288,'Miss','Sage Paucek','CIT001','40053636','50097 Heather Cove\nRempelbury, CO 78919','Suite 581','Suite 226',2,4,'(623) 866-2497','mconnelly@example.net','ADN202200000288','Et ut ipsam necessitatibus ullam id. Eos quas praesentium accusamus id aliquid. Non ut nesciunt voluptas et tenetur natus consequatur. Eos odit occaecati eum minima.','STS002',3,'2023-10-08 17:52:24','2023-10-08 17:52:24',NULL),(289,'Mr.','Lucius Bruen','CIT002','26120926','18252 Stokes Fields Apt. 668\nNorth Terrellside, GA 12122','Apt. 969','Apt. 691',6,16,'+16806155634','birdie.okeefe@example.org','ADN202200000289','Dolor doloremque vero dolorem voluptatem soluta magni. Et harum odit provident dicta totam voluptatem et. Veniam qui qui aut.','STS002',5,'2023-10-08 17:52:24','2023-10-08 17:52:24',NULL),(290,'Prof.','Madaline Zieme','CIT001','19173735','67790 Nelson Mews\nLake Chris, VT 72041','Suite 661','Apt. 638',1,1,'872.701.9106','mgulgowski@example.org','ADN202200000290','Voluptatem veniam qui quod dolorem nisi. Sit adipisci quae in voluptatibus dolor ab rerum. Deserunt incidunt deleniti placeat voluptate sequi eligendi perspiciatis.','STS001',1,'2023-10-08 17:52:24','2023-10-08 17:52:24',NULL),(291,'Mrs.','Mr. Stephan Beahan MD','CIT002','55005483','51365 Jackeline Bypass\nLake Allan, NE 58225-6015','Apt. 347','Apt. 418',10,27,'747.672.4361','virgil45@example.net','ADN202200000291','Facilis aut recusandae quis exercitationem ut sint. Autem expedita nisi est quia et nisi minus. Aperiam aliquam et doloremque qui est. Atque qui laborum doloribus tenetur.','STS001',3,'2023-10-08 17:52:24','2023-10-08 17:52:24',NULL),(292,'Miss','Mathilde Schroeder','CIT001','40359090','577 Erick Tunnel Apt. 203\nVonfort, LA 47187','Suite 033','Apt. 956',5,13,'+14583718954','schmidt.devante@example.org','ADN202200000292','Minus veniam eos quo voluptatum assumenda magnam enim. Molestias aliquid et doloribus ipsam dicta et. Sed cum ut deleniti occaecati consequatur.','STS001',3,'2023-10-08 17:52:24','2023-10-08 17:52:24',NULL),(293,'Prof.','Prof. Ansel Okuneva DDS','CIT001','46358106','989 Hintz Turnpike\nKeelingport, OH 21906','Apt. 774','Apt. 731',13,36,'+1-620-503-1476','aniya83@example.com','ADN202200000293','Rem eius itaque pariatur numquam nostrum rerum rem. Totam enim distinctio et veniam. Deserunt dolorem autem sit et ipsam nemo.','STS002',5,'2023-10-08 17:52:24','2023-10-08 17:52:24',NULL),(294,'Dr.','Mikel Hane MD','CIT001','55264570','3352 Thaddeus Parkway Suite 575\nBahringerberg, SD 15433','Suite 975','Suite 732',11,30,'+1-651-983-6702','courtney90@example.org','ADN202200000294','Iure pariatur laboriosam et. Quam qui quo dolores eum voluptas totam dicta dolores. Omnis quae non id temporibus.','STS002',2,'2023-10-08 17:52:24','2023-10-08 17:52:24',NULL),(295,'Mr.','Prof. Myrna McCullough IV','CIT001','71661307','41385 Reichert Estate\nGusikowskimouth, AZ 15822','Suite 411','Apt. 090',7,19,'914-731-3608','vergie18@example.org','ADN202200000295','Ut aspernatur debitis labore aut ut autem. Sed sed dolorum dolore sit dolorem et. Vel commodi et dolores reprehenderit doloremque.','STS002',1,'2023-10-08 17:52:24','2023-10-08 17:52:24',NULL),(296,'Dr.','Esteban Nitzsche','CIT001','37728006','84673 Amir Drives Suite 028\nGonzaloshire, TN 55995','Apt. 553','Suite 423',11,30,'405-378-3265','padberg.sanford@example.com','ADN202200000296','Atque corporis quas sequi iure quod. Voluptatibus modi eaque ut consequatur facere quia. Consequatur repellendus consequuntur quia.','STS001',5,'2023-10-08 17:52:24','2023-10-08 17:52:24',NULL),(297,'Mr.','Dr. Tyrese Gleichner DVM','CIT002','38878330','77992 D\'angelo Circles Apt. 552\nNew Garretchester, OR 93192-6882','Apt. 371','Suite 363',3,7,'+1 (430) 851-2330','tromp.weston@example.net','ADN202200000297','Facere dolorum ullam aut earum id. Iure ea minus cum ad et. Sapiente necessitatibus deleniti vero nihil quo.','STS001',4,'2023-10-08 17:52:24','2023-10-08 17:52:24',NULL),(298,'Dr.','Theodore Robel I','CIT001','80799556','788 Rose Underpass Apt. 973\nWest Shanelle, NV 09346','Apt. 672','Suite 867',12,33,'+1 (864) 872-6535','sreinger@example.org','ADN202200000298','Illum animi quaerat dolorem est dicta. Et et enim itaque. Qui facere provident libero at explicabo perspiciatis. Doloribus rerum eum nisi sunt commodi et illo.','STS002',1,'2023-10-08 17:52:24','2023-10-08 17:52:24',NULL),(299,'Prof.','Winona Gorczany IV','CIT001','96842551','66305 Carmel Station Apt. 252\nBartolettiside, MI 36269','Suite 390','Apt. 452',7,19,'513-950-1398','chauncey91@example.com','ADN202200000299','Ab nesciunt qui quia modi ut blanditiis aspernatur. Pariatur sequi aut reprehenderit molestias qui dolorem. Labore modi vel dolorem qui aut.','STS002',1,'2023-10-08 17:52:24','2023-10-08 17:52:24',NULL),(300,'Prof.','Broderick Shanahan','CIT001','9322853','466 Thora Mill Suite 937\nCydneyburgh, MN 07309','Apt. 954','Suite 948',2,4,'1-360-805-0692','sporer.jimmie@example.com','ADN202200000300','Et occaecati aliquam rem et consectetur voluptate totam ratione. Eius aliquam sit blanditiis laboriosam consequatur exercitationem. Architecto soluta quae autem omnis consequuntur.','STS001',5,'2023-10-08 17:52:24','2023-10-08 17:52:24',NULL);
/*!40000 ALTER TABLE `complainant_details` ENABLE KEYS */;
UNLOCK TABLES;

--
-- Table structure for table `complainant_log`
--

/*!40101 SET @saved_cs_client     = @@character_set_client */;
/*!50503 SET character_set_client = utf8mb4 */;
CREATE TABLE `complainant_log` (
  `id` int NOT NULL AUTO_INCREMENT,
  `user_id` int DEFAULT NULL,
  `statu_new` varchar(10) DEFAULT NULL,
  `status_old` varchar(10) DEFAULT NULL,
  `remark` varchar(255) DEFAULT NULL,
  `department_id_new` int DEFAULT NULL,
  `department_id_old` int DEFAULT NULL,
  `complainant_details` int DEFAULT NULL,
  `created_at` datetime DEFAULT CURRENT_TIMESTAMP,
  `updated_at` datetime DEFAULT NULL ON UPDATE CURRENT_TIMESTAMP,
  `deleted_at` datetime DEFAULT NULL,
  PRIMARY KEY (`id`),
  KEY `complainant_log_FK` (`complainant_details`),
  CONSTRAINT `complainant_log_FK` FOREIGN KEY (`complainant_details`) REFERENCES `complainant_details` (`id`)
) ENGINE=InnoDB DEFAULT CHARSET=utf8mb4 COLLATE=utf8mb4_0900_ai_ci;
/*!40101 SET character_set_client = @saved_cs_client */;

--
-- Dumping data for table `complainant_log`
--

LOCK TABLES `complainant_log` WRITE;
/*!40000 ALTER TABLE `complainant_log` DISABLE KEYS */;
/*!40000 ALTER TABLE `complainant_log` ENABLE KEYS */;
UNLOCK TABLES;

--
-- Table structure for table `department`
--

/*!40101 SET @saved_cs_client     = @@character_set_client */;
/*!50503 SET character_set_client = utf8mb4 */;
CREATE TABLE `department` (
  `id` int NOT NULL AUTO_INCREMENT,
  `department_name` varchar(100) CHARACTER SET latin1 COLLATE latin1_swedish_ci DEFAULT NULL,
  `department_acronym` varchar(20) CHARACTER SET latin1 COLLATE latin1_swedish_ci NOT NULL,
  `department_category` varchar(20) CHARACTER SET latin1 COLLATE latin1_swedish_ci DEFAULT NULL,
  `department_status` int NOT NULL DEFAULT '1',
  `department_name_bi` varchar(100) CHARACTER SET latin1 COLLATE latin1_swedish_ci DEFAULT NULL,
  `created_at` datetime DEFAULT CURRENT_TIMESTAMP,
  `updated_at` datetime DEFAULT NULL ON UPDATE CURRENT_TIMESTAMP,
  `deleted_at` datetime DEFAULT NULL,
  PRIMARY KEY (`id`)
) ENGINE=InnoDB AUTO_INCREMENT=11 DEFAULT CHARSET=latin1;
/*!40101 SET character_set_client = @saved_cs_client */;

--
-- Dumping data for table `department`
--

LOCK TABLES `department` WRITE;
/*!40000 ALTER TABLE `department` DISABLE KEYS */;
INSERT INTO `department` VALUES (1,'Human Resources','HR','Administration',1,'Sumber Manusia','2023-10-09 01:10:51',NULL,NULL),(2,'Finance','FIN','Administration',1,'Kewangan','2023-10-09 01:10:51',NULL,NULL),(3,'Marketing','MKT','Sales',1,'Pemasaran','2023-10-09 01:10:51',NULL,NULL),(4,'IT Department','IT','Technology',1,'Bahagian IT','2023-10-09 01:10:51',NULL,NULL),(5,'Customer Support','CS','Support',1,'Sokongan Pelanggan','2023-10-09 01:10:51',NULL,NULL),(6,'Legal','LEGAL','Legal',1,'Undang-Undang','2023-10-09 01:10:51',NULL,NULL),(7,'Engineering','ENG','Technology',1,'Kejuruteraan','2023-10-09 01:10:51',NULL,NULL),(8,'Procurement','PROC','Supply Chain',1,'Pengadaan','2023-10-09 01:10:51',NULL,NULL),(9,'Research and Development','R&D','Technology',1,'Penyelidikan dan Pembangunan','2023-10-09 01:10:51',NULL,NULL),(10,'Quality Assurance','QA','Quality',1,'Jaminan Kualiti','2023-10-09 01:10:51',NULL,NULL);
/*!40000 ALTER TABLE `department` ENABLE KEYS */;
UNLOCK TABLES;

--
-- Table structure for table `states`
--

/*!40101 SET @saved_cs_client     = @@character_set_client */;
/*!50503 SET character_set_client = utf8mb4 */;
CREATE TABLE `states` (
  `id` int NOT NULL AUTO_INCREMENT,
  `name` varchar(255) NOT NULL,
  `states_code` varchar(10) DEFAULT NULL,
  `created_at` datetime DEFAULT CURRENT_TIMESTAMP,
  `updated_at` datetime DEFAULT NULL ON UPDATE CURRENT_TIMESTAMP,
  `deleted_at` datetime DEFAULT NULL,
  PRIMARY KEY (`id`)
) ENGINE=InnoDB AUTO_INCREMENT=14 DEFAULT CHARSET=utf8mb4 COLLATE=utf8mb4_0900_ai_ci;
/*!40101 SET character_set_client = @saved_cs_client */;

--
-- Dumping data for table `states`
--

LOCK TABLES `states` WRITE;
/*!40000 ALTER TABLE `states` DISABLE KEYS */;
INSERT INTO `states` VALUES (1,'Johor',NULL,'2023-10-09 01:04:58',NULL,NULL),(2,'Kedah',NULL,'2023-10-09 01:04:58',NULL,NULL),(3,'Kelantan',NULL,'2023-10-09 01:04:58',NULL,NULL),(4,'Malacca',NULL,'2023-10-09 01:04:58',NULL,NULL),(5,'Negeri Sembilan',NULL,'2023-10-09 01:04:58',NULL,NULL),(6,'Pahang',NULL,'2023-10-09 01:04:58',NULL,NULL),(7,'Penang',NULL,'2023-10-09 01:04:58',NULL,NULL),(8,'Perak',NULL,'2023-10-09 01:04:58',NULL,NULL),(9,'Perlis',NULL,'2023-10-09 01:04:58',NULL,NULL),(10,'Sabah',NULL,'2023-10-09 01:04:58',NULL,NULL),(11,'Sarawak',NULL,'2023-10-09 01:04:58',NULL,NULL),(12,'Selangor',NULL,'2023-10-09 01:04:58',NULL,NULL),(13,'Terengganu',NULL,'2023-10-09 01:04:58',NULL,NULL);
/*!40000 ALTER TABLE `states` ENABLE KEYS */;
UNLOCK TABLES;

--
-- Table structure for table `towns`
--

/*!40101 SET @saved_cs_client     = @@character_set_client */;
/*!50503 SET character_set_client = utf8mb4 */;
CREATE TABLE `towns` (
  `id` int NOT NULL AUTO_INCREMENT,
  `name` varchar(255) NOT NULL,
  `state_id` int DEFAULT NULL,
  `created_at` datetime DEFAULT CURRENT_TIMESTAMP,
  `updated_at` datetime DEFAULT NULL ON UPDATE CURRENT_TIMESTAMP,
  `deleted_at` datetime DEFAULT NULL,
  PRIMARY KEY (`id`),
  KEY `state_id` (`state_id`),
  CONSTRAINT `towns_ibfk_1` FOREIGN KEY (`state_id`) REFERENCES `states` (`id`)
) ENGINE=InnoDB AUTO_INCREMENT=39 DEFAULT CHARSET=utf8mb4 COLLATE=utf8mb4_0900_ai_ci;
/*!40101 SET character_set_client = @saved_cs_client */;

--
-- Dumping data for table `towns`
--

LOCK TABLES `towns` WRITE;
/*!40000 ALTER TABLE `towns` DISABLE KEYS */;
INSERT INTO `towns` VALUES (1,'Johor Bahru',1,'2023-10-09 01:36:45',NULL,NULL),(2,'Skudai',1,'2023-10-09 01:36:45',NULL,NULL),(3,'Kluang',1,'2023-10-09 01:36:45',NULL,NULL),(4,'Alor Setar',2,'2023-10-09 01:36:45',NULL,NULL),(5,'Sungai Petani',2,'2023-10-09 01:36:45',NULL,NULL),(6,'Langkawi',2,'2023-10-09 01:36:45',NULL,NULL),(7,'Kota Bharu',3,'2023-10-09 01:36:45',NULL,NULL),(8,'Pasir Mas',3,'2023-10-09 01:36:45',NULL,NULL),(9,'Tumpat',3,'2023-10-09 01:36:45',NULL,NULL),(10,'Melaka City',4,'2023-10-09 01:36:45',NULL,NULL),(11,'Ayer Keroh',4,'2023-10-09 01:36:45',NULL,NULL),(12,'Alor Gajah',4,'2023-10-09 01:36:45',NULL,NULL),(13,'Seremban',5,'2023-10-09 01:36:45',NULL,NULL),(14,'Port Dickson',5,'2023-10-09 01:36:45',NULL,NULL),(15,'Nilai',5,'2023-10-09 01:36:45',NULL,NULL),(16,'Kuantan',6,'2023-10-09 01:36:45',NULL,NULL),(17,'Temerloh',6,'2023-10-09 01:36:45',NULL,NULL),(18,'Bentong',6,'2023-10-09 01:36:45',NULL,NULL),(19,'George Town',7,'2023-10-09 01:36:45',NULL,NULL),(20,'Bukit Mertajam',7,'2023-10-09 01:36:45',NULL,NULL),(21,'Seberang Perai',7,'2023-10-09 01:36:45',NULL,NULL),(22,'Ipoh',8,'2023-10-09 01:36:45',NULL,NULL),(23,'Taiping',8,'2023-10-09 01:36:45',NULL,NULL),(24,'Sitiawan',8,'2023-10-09 01:36:45',NULL,NULL),(25,'Kangar',9,'2023-10-09 01:36:45',NULL,NULL),(26,'Arau',9,'2023-10-09 01:36:45',NULL,NULL),(27,'Kota Kinabalu',10,'2023-10-09 01:36:45',NULL,NULL),(28,'Sandakan',10,'2023-10-09 01:36:45',NULL,NULL),(29,'Tawau',10,'2023-10-09 01:36:45',NULL,NULL),(30,'Kuching',11,'2023-10-09 01:36:45',NULL,NULL),(31,'Miri',11,'2023-10-09 01:36:45',NULL,NULL),(32,'Sibu',11,'2023-10-09 01:36:45',NULL,NULL),(33,'Shah Alam',12,'2023-10-09 01:36:45',NULL,NULL),(34,'Petaling Jaya',12,'2023-10-09 01:36:45',NULL,NULL),(35,'Klang',12,'2023-10-09 01:36:45',NULL,NULL),(36,'Kuala Terengganu',13,'2023-10-09 01:36:45',NULL,NULL),(37,'Kemaman',13,'2023-10-09 01:36:45',NULL,NULL),(38,'Dungun',13,'2023-10-09 01:36:45',NULL,NULL);
/*!40000 ALTER TABLE `towns` ENABLE KEYS */;
UNLOCK TABLES;

--
-- Dumping routines for database 'complainant'
--
/*!40103 SET TIME_ZONE=@OLD_TIME_ZONE */;

/*!40101 SET SQL_MODE=@OLD_SQL_MODE */;
/*!40014 SET FOREIGN_KEY_CHECKS=@OLD_FOREIGN_KEY_CHECKS */;
/*!40014 SET UNIQUE_CHECKS=@OLD_UNIQUE_CHECKS */;
/*!40101 SET CHARACTER_SET_CLIENT=@OLD_CHARACTER_SET_CLIENT */;
/*!40101 SET CHARACTER_SET_RESULTS=@OLD_CHARACTER_SET_RESULTS */;
/*!40101 SET COLLATION_CONNECTION=@OLD_COLLATION_CONNECTION */;
/*!40111 SET SQL_NOTES=@OLD_SQL_NOTES */;

-- Dump completed on 2023-10-29 22:58:31
